,Timestamp,Country,family_history,Gender,seek_help,benefits,prop
0,2014-08-27 11:29:31,United States,No,F,Yes,Yes,0.0008285004142502071
1,2014-08-27 11:29:37,United States,No,M,Don't know,Don't know,0.0008285004142502071
2,2014-08-27 11:29:44,Canada,No,M,No,No,0.0008285004142502071
3,2014-08-27 11:29:46,United Kingdom,Yes,M,No,No,0.0008285004142502071
4,2014-08-27 11:30:22,United States,No,M,Don't know,Yes,0.0008285004142502071
5,2014-08-27 11:31:22,United States,Yes,M,Don't know,Yes,0.0008285004142502071
6,2014-08-27 11:31:50,United States,Yes,F,No,No,0.0008285004142502071
7,2014-08-27 11:32:05,Canada,No,M,No,No,0.0008285004142502071
8,2014-08-27 11:32:39,United States,Yes,F,No,Yes,0.0008285004142502071
9,2014-08-27 11:32:43,Canada,No,M,Don't know,Don't know,0.0008285004142502071
10,2014-08-27 11:32:44,United States,No,M,No,Don't know,0.0008285004142502071
11,2014-08-27 11:32:49,Bulgaria,No,M,No,Don't know,0.0008285004142502071
12,2014-08-27 11:33:23,United States,Yes,F,No,Yes,0.0008285004142502071
13,2014-08-27 11:33:26,United States,Yes,M,Don't know,Don't know,0.0008285004142502071
14,2014-08-27 11:33:57,Canada,No,M,Don't know,Don't know,0.0008285004142502071
15,2014-08-27 11:34:00,United States,Yes,F,No,Yes,0.0008285004142502071
16,2014-08-27 11:34:20,United Kingdom,No,M,Don't know,Don't know,0.0008285004142502071
17,2014-08-27 11:34:37,United States,No,M,Don't know,Yes,0.0008285004142502071
18,2014-08-27 11:34:53,United States,Yes,M,Don't know,Yes,0.0008285004142502071
19,2014-08-27 11:35:08,France,Yes,M,No,No,0.0008285004142502071
20,2014-08-27 11:35:12,United States,Yes,M,No,Yes,0.0008285004142502071
21,2014-08-27 11:35:24,United States,No,M,No,No,0.0008285004142502071
22,2014-08-27 11:35:48,United States,No,M,No,Yes,0.0008285004142502071
23,2014-08-27 11:36:24,United States,No,M,Don't know,Don't know,0.0008285004142502071
24,2014-08-27 11:36:48,United States,Yes,M,Yes,Yes,0.0008285004142502071
25,2014-08-27 11:37:08,United States,Yes,M,Don't know,Yes,0.0008285004142502071
26,2014-08-27 11:37:23,United States,No,M,Don't know,Don't know,0.0008285004142502071
27,2014-08-27 11:37:59,United States,Yes,F,Don't know,Yes,0.0008285004142502071
28,2014-08-27 11:38:12,United States,No,M,Don't know,Don't know,0.0008285004142502071
29,2014-08-27 11:38:18,United Kingdom,No,M,No,No,0.0008285004142502071
30,2014-08-27 11:39:03,United Kingdom,No,M,No,No,0.0008285004142502071
31,2014-08-27 11:38:55,United States,Yes,M,No,No,0.0008285004142502071
32,2014-08-27 11:39:31,United Kingdom,Yes,M,No,Don't know,0.0008285004142502071
33,2014-08-27 11:39:36,United States,Yes,M,Yes,Yes,0.0008285004142502071
34,2014-08-27 11:40:51,United States,No,F,No,Yes,0.0008285004142502071
35,2014-08-27 11:41:17,United States,No,M,No,No,0.0008285004142502071
36,2014-08-27 11:41:37,Canada,No,M,No,No,0.0008285004142502071
37,2014-08-27 11:41:50,Portugal,No,M,No,No,0.0008285004142502071
38,2014-08-27 11:42:08,United States,No,M,Don't know,Yes,0.0008285004142502071
39,2014-08-27 11:42:15,United States,No,M,Yes,Yes,0.0008285004142502071
40,2014-08-27 11:42:25,United Kingdom,No,M,No,No,0.0008285004142502071
41,2014-08-27 11:42:31,United States,No,M,Yes,Yes,0.0008285004142502071
42,2014-08-27 11:43:07,Canada,Yes,M,No,No,0.0008285004142502071
43,2014-08-27 11:43:10,Netherlands,No,M,No,No,0.0008285004142502071
44,2014-08-27 11:43:22,United States,No,M,No,Don't know,0.0008285004142502071
45,2014-08-27 11:43:36,United States,Yes,F,Yes,Yes,0.0008285004142502071
46,2014-08-27 11:43:45,United Kingdom,No,M,No,Don't know,0.0008285004142502071
47,2014-08-27 11:43:48,United States,No,M,No,No,0.0008285004142502071
48,2014-08-27 11:43:56,Canada,No,M,No,No,0.0008285004142502071
49,2014-08-27 11:44:43,United States,Yes,M,Don't know,Yes,0.0008285004142502071
50,2014-08-27 11:44:55,United States,Yes,M,No,No,0.0008285004142502071
51,2014-08-27 11:45:32,United States,No,M,Don't know,Don't know,0.0008285004142502071
52,2014-08-27 11:45:33,United States,No,M,Don't know,Don't know,0.0008285004142502071
53,2014-08-27 11:45:51,United States,No,M,No,Don't know,0.0008285004142502071
54,2014-08-27 11:46:36,Switzerland,No,M,No,No,0.0008285004142502071
57,2014-08-27 11:47:10,United States,Yes,M,No,Don't know,0.0008285004142502071
58,2014-08-27 11:47:33,United States,No,M,No,No,0.0008285004142502071
59,2014-08-27 11:47:56,Canada,Yes,M,No,Don't know,0.0008285004142502071
60,2014-08-27 11:48:57,United States,Yes,M,Don't know,Yes,0.0008285004142502071
61,2014-08-27 11:49:51,Poland,No,F,Yes,Don't know,0.0008285004142502071
62,2014-08-27 11:50:27,United Kingdom,No,M,Yes,Yes,0.0008285004142502071
63,2014-08-27 11:50:28,France,No,M,No,No,0.0008285004142502071
64,2014-08-27 11:50:46,Canada,No,M,No,Don't know,0.0008285004142502071
65,2014-08-27 11:51:07,United States,Yes,M,Yes,Yes,0.0008285004142502071
66,2014-08-27 11:51:34,Australia,Yes,F,No,No,0.0008285004142502071
67,2014-08-27 11:52:07,United States,No,M,Yes,Yes,0.0008285004142502071
68,2014-08-27 11:52:41,United States,No,F,Don't know,Don't know,0.0008285004142502071
69,2014-08-27 11:52:44,United States,No,M,No,No,0.0008285004142502071
70,2014-08-27 11:53:05,France,No,M,No,No,0.0008285004142502071
71,2014-08-27 11:53:25,Canada,No,M,Don't know,Don't know,0.0008285004142502071
73,2014-08-27 11:56:17,United Kingdom,No,M,Don't know,No,0.0008285004142502071
74,2014-08-27 11:56:29,United States,No,M,Don't know,Don't know,0.0008285004142502071
75,2014-08-27 11:57:30,United Kingdom,No,M,No,No,0.0008285004142502071
76,2014-08-27 11:57:33,United States,No,M,Yes,Yes,0.0008285004142502071
77,2014-08-27 11:57:54,United States,Yes,M,No,No,0.0008285004142502071
78,2014-08-27 11:59:31,United States,Yes,M,No,No,0.0008285004142502071
79,2014-08-27 12:00:02,Germany,No,M,Don't know,Don't know,0.0008285004142502071
80,2014-08-27 12:01:50,United States,Yes,M,Yes,Yes,0.0008285004142502071
81,2014-08-27 12:02:40,United Kingdom,No,M,Don't know,Yes,0.0008285004142502071
82,2014-08-27 12:02:52,Canada,No,M,No,No,0.0008285004142502071
84,2014-08-27 12:05:13,United States,Yes,M,No,No,0.0008285004142502071
85,2014-08-27 12:05:37,United States,No,M,No,Don't know,0.0008285004142502071
86,2014-08-27 12:07:08,United Kingdom,No,M,No,No,0.0008285004142502071
87,2014-08-27 12:10:43,United States,Yes,F,Don't know,Yes,0.0008285004142502071
88,2014-08-27 12:11:00,United States,No,F,No,Yes,0.0008285004142502071
89,2014-08-27 12:11:07,United States,No,M,Don't know,Don't know,0.0008285004142502071
90,2014-08-27 12:12:47,United States,No,M,Yes,Yes,0.0008285004142502071
91,2014-08-27 12:13:30,United States,No,M,No,No,0.0008285004142502071
92,2014-08-27 12:14:13,United States,No,M,No,Don't know,0.0008285004142502071
94,2014-08-27 12:15:19,Canada,No,F,Don't know,Yes,0.0008285004142502071
95,2014-08-27 12:15:30,United States,No,M,Don't know,Don't know,0.0008285004142502071
96,2014-08-27 12:16:21,United States,Yes,M,Don't know,Don't know,0.0008285004142502071
97,2014-08-27 12:17:01,Mexico,Yes,M,No,Don't know,0.0008285004142502071
99,2014-08-27 12:18:04,United States,No,M,No,No,0.0008285004142502071
100,2014-08-27 12:18:14,Canada,Yes,F,No,No,0.0008285004142502071
101,2014-08-27 12:18:38,United States,No,F,Don't know,Yes,0.0008285004142502071
102,2014-08-27 12:19:52,United States,Yes,M,Don't know,Don't know,0.0008285004142502071
103,2014-08-27 12:20:10,United States,Yes,M,Yes,Yes,0.0008285004142502071
104,2014-08-27 12:22:55,United States,No,M,Don't know,Yes,0.0008285004142502071
105,2014-08-27 12:23:48,United States,Yes,M,No,Yes,0.0008285004142502071
106,2014-08-27 12:23:59,United States,Yes,M,No,Don't know,0.0008285004142502071
107,2014-08-27 12:25:09,Brazil,Yes,M,No,No,0.0008285004142502071
108,2014-08-27 12:28:12,United States,Yes,M,No,Yes,0.0008285004142502071
109,2014-08-27 12:28:16,United States,No,M,Yes,Yes,0.0008285004142502071
110,2014-08-27 12:29:25,United States,No,M,Don't know,Yes,0.0008285004142502071
111,2014-08-27 12:31:02,United States,No,M,Yes,Yes,0.0008285004142502071
112,2014-08-27 12:31:03,United States,Yes,M,Yes,Yes,0.0008285004142502071
113,2014-08-27 12:31:14,United States,No,M,Don't know,Yes,0.0008285004142502071
114,2014-08-27 12:31:28,United States,No,M,Don't know,Don't know,0.0008285004142502071
115,2014-08-27 12:31:34,United Kingdom,No,M,Don't know,Don't know,0.0008285004142502071
116,2014-08-27 12:31:41,United Kingdom,No,M,No,No,0.0008285004142502071
117,2014-08-27 12:31:41,Canada,No,M,Yes,Yes,0.0008285004142502071
118,2014-08-27 12:31:43,United States,No,M,No,No,0.0008285004142502071
119,2014-08-27 12:32:24,United States,No,M,Don't know,Don't know,0.0008285004142502071
120,2014-08-27 12:32:59,United States,No,M,Yes,Yes,0.0008285004142502071
121,2014-08-27 12:33:00,United States,No,M,No,Don't know,0.0008285004142502071
122,2014-08-27 12:33:23,United States,Yes,M,Don't know,Don't know,0.0008285004142502071
123,2014-08-27 12:33:36,United States,No,M,No,Yes,0.0008285004142502071
124,2014-08-27 12:33:56,Canada,No,M,No,Yes,0.0008285004142502071
125,2014-08-27 12:34:11,United States,Yes,M,Yes,Yes,0.0008285004142502071
126,2014-08-27 12:34:13,United Kingdom,No,M,No,No,0.0008285004142502071
127,2014-08-27 12:34:35,United States,No,M,Yes,Yes,0.0008285004142502071
128,2014-08-27 12:34:48,United Kingdom,Yes,M,No,No,0.0008285004142502071
129,2014-08-27 12:34:51,Slovenia,No,M,No,Don't know,0.0008285004142502071
130,2014-08-27 12:34:57,United States,Yes,M,No,Yes,0.0008285004142502071
131,2014-08-27 12:35:23,United States,No,M,No,No,0.0008285004142502071
132,2014-08-27 12:36:03,United States,No,M,Don't know,Don't know,0.0008285004142502071
133,2014-08-27 12:36:18,Costa Rica,No,M,No,No,0.0008285004142502071
134,2014-08-27 12:36:53,Canada,No,M,No,Don't know,0.0008285004142502071
135,2014-08-27 12:37:09,United Kingdom,No,M,No,No,0.0008285004142502071
136,2014-08-27 12:37:26,United Kingdom,No,M,No,Don't know,0.0008285004142502071
137,2014-08-27 12:37:31,United States,No,M,No,Yes,0.0008285004142502071
138,2014-08-27 12:37:50,United States,No,F,Don't know,Don't know,0.0008285004142502071
139,2014-08-27 12:37:50,Austria,No,M,No,Don't know,0.0008285004142502071
140,2014-08-27 12:38:11,United States,Yes,M,Don't know,Don't know,0.0008285004142502071
141,2014-08-27 12:38:18,United Kingdom,No,M,Yes,No,0.0008285004142502071
142,2014-08-27 12:38:25,United States,No,M,Don't know,Don't know,0.0008285004142502071
143,2014-08-27 12:39:14,United States,No,M,Yes,Yes,0.0008285004142502071
144,2014-08-27 12:39:18,United States,Yes,F,Don't know,Don't know,0.0008285004142502071
145,2014-08-27 12:39:21,United States,Yes,M,Yes,Yes,0.0008285004142502071
146,2014-08-27 12:39:48,United Kingdom,No,M,No,No,0.0008285004142502071
147,2014-08-27 12:39:57,United States,No,M,No,No,0.0008285004142502071
148,2014-08-27 12:40:03,Ireland,No,M,Yes,No,0.0008285004142502071
149,2014-08-27 12:40:06,United States,No,F,Don't know,Don't know,0.0008285004142502071
150,2014-08-27 12:40:36,Canada,Yes,M,Yes,Don't know,0.0008285004142502071
151,2014-08-27 12:40:53,United States,Yes,M,No,Don't know,0.0008285004142502071
152,2014-08-27 12:41:04,Poland,No,M,No,No,0.0008285004142502071
153,2014-08-27 12:41:20,United States,No,M,Don't know,Don't know,0.0008285004142502071
154,2014-08-27 12:41:59,United Kingdom,Yes,M,Yes,Yes,0.0008285004142502071
155,2014-08-27 12:42:24,United States,Yes,M,Don't know,Don't know,0.0008285004142502071
156,2014-08-27 12:42:52,United States,Yes,M,Don't know,Don't know,0.0008285004142502071
157,2014-08-27 12:43:28,United States,No,M,No,Don't know,0.0008285004142502071
158,2014-08-27 12:43:28,United States,No,M,No,No,0.0008285004142502071
159,2014-08-27 12:43:40,United States,Yes,M,No,Don't know,0.0008285004142502071
160,2014-08-27 12:43:53,United Kingdom,No,M,Yes,Yes,0.0008285004142502071
161,2014-08-27 12:44:51,United States,Yes,F,No,Yes,0.0008285004142502071
162,2014-08-27 12:44:51,United States,No,M,Yes,Yes,0.0008285004142502071
163,2014-08-27 12:45:44,United States,Yes,M,No,Don't know,0.0008285004142502071
164,2014-08-27 12:46:03,United States,Yes,F,Yes,No,0.0008285004142502071
166,2014-08-27 12:48:06,United States,No,M,No,No,0.0008285004142502071
167,2014-08-27 12:48:29,United States,No,M,No,No,0.0008285004142502071
168,2014-08-27 12:48:37,Ireland,Yes,M,No,No,0.0008285004142502071
169,2014-08-27 12:48:39,United Kingdom,No,M,Don't know,Don't know,0.0008285004142502071
170,2014-08-27 12:48:40,United Kingdom,No,M,Don't know,Yes,0.0008285004142502071
171,2014-08-27 12:48:51,United Kingdom,No,M,No,Don't know,0.0008285004142502071
172,2014-08-27 12:49:21,India,No,M,No,Don't know,0.0008285004142502071
173,2014-08-27 12:49:27,United States,No,F,Don't know,Don't know,0.0008285004142502071
174,2014-08-27 12:49:30,Canada,Yes,F,No,Yes,0.0008285004142502071
175,2014-08-27 12:49:39,United States,No,M,Don't know,Don't know,0.0008285004142502071
176,2014-08-27 12:50:36,United Kingdom,No,M,Yes,No,0.0008285004142502071
177,2014-08-27 12:50:57,United States,No,F,Don't know,Yes,0.0008285004142502071
178,2014-08-27 12:51:25,United States,No,F,No,Yes,0.0008285004142502071
179,2014-08-27 12:51:36,United States,No,M,No,Don't know,0.0008285004142502071
180,2014-08-27 12:51:42,Mexico,No,M,No,No,0.0008285004142502071
181,2014-08-27 12:51:50,India,No,F,No,No,0.0008285004142502071
182,2014-08-27 12:51:51,United Kingdom,No,F,Don't know,Don't know,0.0008285004142502071
183,2014-08-27 12:51:55,United States,No,M,Don't know,Don't know,0.0008285004142502071
184,2014-08-27 12:52:08,United States,Yes,M,Don't know,Yes,0.0008285004142502071
185,2014-08-27 12:52:46,United States,No,M,No,Yes,0.0008285004142502071
186,2014-08-27 12:52:49,United Kingdom,No,M,Don't know,Don't know,0.0008285004142502071
187,2014-08-27 12:53:00,France,No,M,No,No,0.0008285004142502071
188,2014-08-27 12:53:05,United Kingdom,Yes,M,No,Don't know,0.0008285004142502071
189,2014-08-27 12:53:13,United States,Yes,F,No,Yes,0.0008285004142502071
190,2014-08-27 12:53:15,South Africa,Yes,F,No,No,0.0008285004142502071
191,2014-08-27 12:53:40,United States,Yes,M,No,Yes,0.0008285004142502071
192,2014-08-27 12:54:11,Russia,No,M,No,No,0.0008285004142502071
193,2014-08-27 12:54:11,United States,No,M,No,No,0.0008285004142502071
194,2014-08-27 12:54:30,Germany,No,F,No,No,0.0008285004142502071
196,2014-08-27 12:55:01,United States,No,F,No,Don't know,0.0008285004142502071
197,2014-08-27 12:55:38,United States,No,M,No,Yes,0.0008285004142502071
198,2014-08-27 12:56:13,United States,Yes,M,No,Yes,0.0008285004142502071
199,2014-08-27 12:56:56,United Kingdom,Yes,M,No,Don't know,0.0008285004142502071
200,2014-08-27 12:57:38,United States,Yes,F,No,Yes,0.0008285004142502071
201,2014-08-27 12:57:52,United States,No,F,Yes,Yes,0.0008285004142502071
202,2014-08-27 12:58:10,United States,No,M,No,No,0.0008285004142502071
203,2014-08-27 12:58:42,Ireland,No,M,No,No,0.0008285004142502071
204,2014-08-27 13:00:38,Austria,Yes,M,Don't know,Don't know,0.0008285004142502071
205,2014-08-27 13:02:14,United Kingdom,Yes,M,No,Don't know,0.0008285004142502071
206,2014-08-27 13:03:05,Canada,No,M,No,No,0.0008285004142502071
207,2014-08-27 13:04:18,United States,No,M,No,No,0.0008285004142502071
208,2014-08-27 13:04:45,United States,No,M,Don't know,Don't know,0.0008285004142502071
209,2014-08-27 13:05:45,Bulgaria,No,M,No,No,0.0008285004142502071
210,2014-08-27 13:06:00,United States,No,F,Yes,Yes,0.0008285004142502071
211,2014-08-27 13:06:12,United Kingdom,Yes,M,No,No,0.0008285004142502071
212,2014-08-27 13:07:24,United Kingdom,No,M,No,No,0.0008285004142502071
213,2014-08-27 13:07:40,United States,Yes,F,No,Don't know,0.0008285004142502071
214,2014-08-27 13:07:42,United States,No,F,Don't know,Yes,0.0008285004142502071
215,2014-08-27 13:07:46,United States,Yes,F,Don't know,No,0.0008285004142502071
216,2014-08-27 13:08:17,Germany,No,M,No,Yes,0.0008285004142502071
217,2014-08-27 13:09:24,Canada,No,M,Don't know,Yes,0.0008285004142502071
218,2014-08-27 13:09:37,United States,No,F,Don't know,Yes,0.0008285004142502071
220,2014-08-27 13:12:31,United States,No,F,No,Yes,0.0008285004142502071
221,2014-08-27 13:12:43,United Kingdom,No,M,No,Don't know,0.0008285004142502071
222,2014-08-27 13:14:53,United States,No,M,No,Don't know,0.0008285004142502071
223,2014-08-27 13:15:19,United States,No,M,No,No,0.0008285004142502071
224,2014-08-27 13:15:25,United States,No,M,Don't know,Don't know,0.0008285004142502071
225,2014-08-27 13:18:18,United States,No,M,No,Don't know,0.0008285004142502071
226,2014-08-27 13:18:44,United States,No,M,No,No,0.0008285004142502071
227,2014-08-27 13:19:40,Australia,No,M,Yes,Don't know,0.0008285004142502071
228,2014-08-27 13:21:00,United States,No,M,Don't know,Yes,0.0008285004142502071
229,2014-08-27 13:22:42,United Kingdom,No,M,No,No,0.0008285004142502071
230,2014-08-27 13:22:49,United States,No,M,Yes,Yes,0.0008285004142502071
231,2014-08-27 13:23:38,United States,No,M,Don't know,Yes,0.0008285004142502071
232,2014-08-27 13:24:34,United Kingdom,No,M,Don't know,Don't know,0.0008285004142502071
233,2014-08-27 13:24:57,United States,No,M,Don't know,Don't know,0.0008285004142502071
234,2014-08-27 13:26:35,Netherlands,No,M,Don't know,Don't know,0.0008285004142502071
235,2014-08-27 13:26:54,United Kingdom,No,M,No,No,0.0008285004142502071
236,2014-08-27 13:27:18,Canada,Yes,M,Don't know,Yes,0.0008285004142502071
237,2014-08-27 13:29:45,United Kingdom,Yes,M,No,No,0.0008285004142502071
238,2014-08-27 13:29:57,United States,Yes,F,Yes,Yes,0.0008285004142502071
239,2014-08-27 13:31:03,Canada,Yes,F,Yes,Yes,0.0008285004142502071
240,2014-08-27 13:31:35,Sweden,No,M,No,Don't know,0.0008285004142502071
241,2014-08-27 13:32:31,United States,Yes,M,No,No,0.0008285004142502071
242,2014-08-27 13:32:48,United States,Yes,M,Yes,Yes,0.0008285004142502071
243,2014-08-27 13:33:32,South Africa,No,M,No,No,0.0008285004142502071
244,2014-08-27 13:34:03,United States,No,M,Don't know,Yes,0.0008285004142502071
245,2014-08-27 13:35:23,United States,No,M,Yes,Yes,0.0008285004142502071
246,2014-08-27 13:35:40,United States,No,M,Don't know,Don't know,0.0008285004142502071
247,2014-08-27 13:37:18,United Kingdom,No,M,No,No,0.0008285004142502071
248,2014-08-27 13:37:47,United States,Yes,M,No,No,0.0008285004142502071
249,2014-08-27 13:38:17,United States,Yes,F,Don't know,Yes,0.0008285004142502071
250,2014-08-27 13:39:00,United States,Yes,M,Don't know,Don't know,0.0008285004142502071
251,2014-08-27 13:40:58,United States,Yes,M,Don't know,Yes,0.0008285004142502071
252,2014-08-27 13:42:38,United States,Yes,M,Don't know,Yes,0.0008285004142502071
253,2014-08-27 13:44:05,United Kingdom,No,M,Don't know,Don't know,0.0008285004142502071
254,2014-08-27 13:44:47,United States,No,M,Don't know,Don't know,0.0008285004142502071
255,2014-08-27 13:46:03,Canada,No,M,No,No,0.0008285004142502071
256,2014-08-27 13:47:05,United Kingdom,No,F,Don't know,Don't know,0.0008285004142502071
257,2014-08-27 13:47:27,United States,No,M,Yes,No,0.0008285004142502071
258,2014-08-27 13:48:01,United Kingdom,No,M,No,No,0.0008285004142502071
259,2014-08-27 13:49:15,Australia,Yes,M,No,No,0.0008285004142502071
260,2014-08-27 13:49:32,United States,No,F,No,Yes,0.0008285004142502071
261,2014-08-27 13:52:05,Canada,No,M,No,No,0.0008285004142502071
262,2014-08-27 13:52:57,United States,No,M,Yes,Yes,0.0008285004142502071
263,2014-08-27 13:53:21,Poland,Yes,M,No,No,0.0008285004142502071
264,2014-08-27 13:53:44,Canada,No,M,No,No,0.0008285004142502071
265,2014-08-27 13:53:51,United States,No,M,Don't know,No,0.0008285004142502071
266,2014-08-27 13:54:00,United States,No,M,No,Yes,0.0008285004142502071
267,2014-08-27 13:54:24,United Kingdom,Yes,M,Don't know,Don't know,0.0008285004142502071
268,2014-08-27 13:55:16,United States,Yes,F,No,Yes,0.0008285004142502071
269,2014-08-27 13:55:22,United States,No,M,No,No,0.0008285004142502071
270,2014-08-27 13:55:38,Ireland,No,M,No,No,0.0008285004142502071
271,2014-08-27 13:56:27,United States,Yes,F,Don't know,Yes,0.0008285004142502071
272,2014-08-27 13:56:35,United States,No,M,Yes,Yes,0.0008285004142502071
273,2014-08-27 13:59:24,United Kingdom,No,M,No,No,0.0008285004142502071
274,2014-08-27 13:59:35,United States,No,M,No,Yes,0.0008285004142502071
275,2014-08-27 14:01:25,Canada,No,M,Yes,Yes,0.0008285004142502071
276,2014-08-27 14:01:35,United States,No,M,No,Yes,0.0008285004142502071
277,2014-08-27 14:01:54,Colombia,No,M,No,No,0.0008285004142502071
278,2014-08-27 14:03:16,United States,No,M,Don't know,Yes,0.0008285004142502071
279,2014-08-27 14:03:54,United States,Yes,M,Don't know,Don't know,0.0008285004142502071
280,2014-08-27 14:03:59,Australia,Yes,M,Yes,Don't know,0.0008285004142502071
281,2014-08-27 14:06:26,Portugal,No,M,No,No,0.0008285004142502071
282,2014-08-27 14:10:15,United States,No,M,Don't know,Don't know,0.0008285004142502071
283,2014-08-27 14:10:47,United States,Yes,M,No,Yes,0.0008285004142502071
284,2014-08-27 14:10:53,Canada,No,M,No,Don't know,0.0008285004142502071
285,2014-08-27 14:11:46,United Kingdom,Yes,M,No,No,0.0008285004142502071
286,2014-08-27 14:11:52,United States,Yes,F,Don't know,Yes,0.0008285004142502071
287,2014-08-27 14:11:55,United States,No,M,Don't know,Don't know,0.0008285004142502071
288,2014-08-27 14:13:02,United States,No,F,No,No,0.0008285004142502071
289,2014-08-27 14:13:16,United States,Yes,F,Don't know,Yes,0.0008285004142502071
290,2014-08-27 14:13:24,Switzerland,No,M,No,No,0.0008285004142502071
291,2014-08-27 14:14:52,United States,No,M,Don't know,Don't know,0.0008285004142502071
292,2014-08-27 14:15:13,United States,Yes,M,Don't know,Yes,0.0008285004142502071
293,2014-08-27 14:15:21,United States,No,M,Don't know,Yes,0.0008285004142502071
294,2014-08-27 14:15:57,United States,No,M,Don't know,Yes,0.0008285004142502071
295,2014-08-27 14:16:00,United States,No,F,Don't know,Don't know,0.0008285004142502071
296,2014-08-27 14:18:20,United States,Yes,F,Don't know,Yes,0.0008285004142502071
297,2014-08-27 14:18:41,United States,No,M,Yes,Yes,0.0008285004142502071
298,2014-08-27 14:18:44,United States,Yes,M,Yes,Yes,0.0008285004142502071
299,2014-08-27 14:19:08,United States,No,M,Yes,Yes,0.0008285004142502071
300,2014-08-27 14:19:12,United States,No,F,Yes,Yes,0.0008285004142502071
301,2014-08-27 14:20:08,United States,No,F,Don't know,Yes,0.0008285004142502071
302,2014-08-27 14:20:43,United States,No,M,Don't know,Yes,0.0008285004142502071
303,2014-08-27 14:21:37,United States,Yes,F,Yes,Yes,0.0008285004142502071
304,2014-08-27 14:21:42,United States,No,F,Yes,Yes,0.0008285004142502071
305,2014-08-27 14:22:00,Canada,Yes,M,Don't know,Yes,0.0008285004142502071
307,2014-08-27 14:22:43,United States,No,M,No,No,0.0008285004142502071
308,2014-08-27 14:22:43,United States,No,M,Don't know,Don't know,0.0008285004142502071
309,2014-08-27 14:23:51,United States,No,M,Yes,Yes,0.0008285004142502071
310,2014-08-27 14:23:53,Canada,No,M,Don't know,Don't know,0.0008285004142502071
311,2014-08-27 14:24:15,United States,No,M,Yes,Yes,0.0008285004142502071
312,2014-08-27 14:25:41,United States,No,M,No,No,0.0008285004142502071
313,2014-08-27 14:25:54,United States,Yes,M,Don't know,Yes,0.0008285004142502071
314,2014-08-27 14:26:32,United States,Yes,M,Don't know,Don't know,0.0008285004142502071
315,2014-08-27 14:27:20,United States,No,M,Don't know,Don't know,0.0008285004142502071
316,2014-08-27 14:27:27,United States,No,M,Don't know,Don't know,0.0008285004142502071
317,2014-08-27 14:27:28,United States,No,M,Yes,Yes,0.0008285004142502071
318,2014-08-27 14:27:51,United States,Yes,F,Yes,Yes,0.0008285004142502071
319,2014-08-27 14:28:28,Latvia,No,M,No,No,0.0008285004142502071
320,2014-08-27 14:28:41,United States,Yes,M,Yes,Yes,0.0008285004142502071
321,2014-08-27 14:28:43,United States,No,M,Don't know,Yes,0.0008285004142502071
322,2014-08-27 14:28:49,United States,No,M,Yes,Yes,0.0008285004142502071
323,2014-08-27 14:28:51,United States,Yes,F,Yes,Yes,0.0008285004142502071
324,2014-08-27 14:29:19,United States,No,M,No,Yes,0.0008285004142502071
325,2014-08-27 14:30:33,United States,No,M,Don't know,Don't know,0.0008285004142502071
326,2014-08-27 14:31:06,United States,No,F,Yes,Yes,0.0008285004142502071
327,2014-08-27 14:31:28,United States,Yes,M,Yes,Don't know,0.0008285004142502071
328,2014-08-27 14:31:44,United States,No,M,No,No,0.0008285004142502071
329,2014-08-27 14:32:22,Germany,Yes,M,No,No,0.0008285004142502071
330,2014-08-27 14:32:46,United States,No,M,Yes,Yes,0.0008285004142502071
331,2014-08-27 14:33:44,Canada,Yes,M,Don't know,Yes,0.0008285004142502071
332,2014-08-27 14:34:47,United States,No,M,No,Don't know,0.0008285004142502071
333,2014-08-27 14:37:33,Ireland,No,M,No,No,0.0008285004142502071
334,2014-08-27 14:37:35,Romania,No,M,No,No,0.0008285004142502071
335,2014-08-27 14:37:46,United States,No,M,Don't know,Yes,0.0008285004142502071
336,2014-08-27 14:38:06,United Kingdom,No,M,Don't know,Don't know,0.0008285004142502071
337,2014-08-27 14:38:13,United States,No,F,No,Yes,0.0008285004142502071
338,2014-08-27 14:38:26,United States,No,M,Don't know,Yes,0.0008285004142502071
339,2014-08-27 14:38:49,United States,No,M,Yes,Yes,0.0008285004142502071
340,2014-08-27 14:38:54,United States,No,M,Don't know,Don't know,0.0008285004142502071
341,2014-08-27 14:39:07,United States,Yes,F,No,No,0.0008285004142502071
342,2014-08-27 14:39:20,United States,No,M,Don't know,Don't know,0.0008285004142502071
343,2014-08-27 14:41:09,United States,No,M,Don't know,Don't know,0.0008285004142502071
344,2014-08-27 14:41:16,United Kingdom,No,M,No,Don't know,0.0008285004142502071
345,2014-08-27 14:44:29,United States,Yes,F,No,Yes,0.0008285004142502071
346,2014-08-27 14:45:12,United States,Yes,M,No,Don't know,0.0008285004142502071
347,2014-08-27 14:45:45,United States,Yes,M,Yes,Don't know,0.0008285004142502071
348,2014-08-27 14:47:10,United States,No,M,Don't know,Don't know,0.0008285004142502071
350,2014-08-27 14:49:08,Belgium,No,M,No,Don't know,0.0008285004142502071
351,2014-08-27 14:49:30,United States,No,M,Yes,Yes,0.0008285004142502071
352,2014-08-27 14:51:29,United Kingdom,No,M,Don't know,No,0.0008285004142502071
353,2014-08-27 14:52:44,United States,Yes,M,Yes,Yes,0.0008285004142502071
354,2014-08-27 14:52:53,Sweden,Yes,F,No,Yes,0.0008285004142502071
355,2014-08-27 14:53:11,United States,No,M,Don't know,No,0.0008285004142502071
356,2014-08-27 14:54:23,United States,Yes,M,No,Don't know,0.0008285004142502071
357,2014-08-27 14:54:56,United States,Yes,M,Yes,Yes,0.0008285004142502071
358,2014-08-27 14:57:46,United States,No,M,No,No,0.0008285004142502071
359,2014-08-27 14:58:01,United States,No,M,No,No,0.0008285004142502071
361,2014-08-27 15:03:56,Germany,Yes,M,Don't know,No,0.0008285004142502071
362,2014-08-27 15:04:41,United States,Yes,M,Don't know,No,0.0008285004142502071
363,2014-08-27 15:05:00,United States,Yes,M,Yes,Yes,0.0008285004142502071
364,2014-08-27 15:05:21,United States,No,M,No,Yes,0.0008285004142502071
365,2014-08-27 15:09:58,United States,Yes,M,Don't know,Don't know,0.0008285004142502071
366,2014-08-27 15:11:30,United States,Yes,M,Yes,Yes,0.0008285004142502071
367,2014-08-27 15:13:33,United States,Yes,M,No,No,0.0008285004142502071
368,2014-08-27 15:14:50,United States,Yes,M,Don't know,Yes,0.0008285004142502071
369,2014-08-27 15:15:29,United Kingdom,No,M,No,Don't know,0.0008285004142502071
370,2014-08-27 15:15:42,United States,No,F,Yes,Yes,0.0008285004142502071
371,2014-08-27 15:20:53,United States,Yes,M,Yes,Yes,0.0008285004142502071
372,2014-08-27 15:21:59,United States,Yes,M,Yes,Yes,0.0008285004142502071
373,2014-08-27 15:22:20,United States,No,F,Yes,Yes,0.0008285004142502071
374,2014-08-27 15:22:26,United States,Yes,F,No,Don't know,0.0008285004142502071
375,2014-08-27 15:22:43,United States,No,M,Don't know,Yes,0.0008285004142502071
376,2014-08-27 15:22:45,United States,No,F,No,Yes,0.0008285004142502071
377,2014-08-27 15:22:50,United States,Yes,F,No,Don't know,0.0008285004142502071
379,2014-08-27 15:23:06,United States,Yes,F,Yes,Yes,0.0008285004142502071
380,2014-08-27 15:23:07,Canada,No,M,Don't know,Yes,0.0008285004142502071
381,2014-08-27 15:23:19,United States,No,M,Yes,Yes,0.0008285004142502071
383,2014-08-27 15:23:33,Germany,Yes,M,No,No,0.0008285004142502071
384,2014-08-27 15:23:51,United States,No,M,No,Don't know,0.0008285004142502071
385,2014-08-27 15:23:51,United States,Yes,F,Don't know,Yes,0.0008285004142502071
386,2014-08-27 15:23:54,New Zealand,No,M,No,Don't know,0.0008285004142502071
388,2014-08-27 15:24:27,United States,No,F,No,Don't know,0.0008285004142502071
389,2014-08-27 15:24:28,Sweden,Yes,F,Yes,Yes,0.0008285004142502071
391,2014-08-27 15:24:47,United States,Yes,F,Don't know,Yes,0.0008285004142502071
392,2014-08-27 15:24:49,United States,No,M,Don't know,Don't know,0.0008285004142502071
393,2014-08-27 15:24:55,Canada,Yes,M,Don't know,Don't know,0.0008285004142502071
394,2014-08-27 15:24:56,United States,Yes,F,No,No,0.0008285004142502071
395,2014-08-27 15:25:03,United States,No,M,Don't know,Yes,0.0008285004142502071
396,2014-08-27 15:25:09,United Kingdom,No,M,No,Don't know,0.0008285004142502071
397,2014-08-27 15:25:16,United Kingdom,No,M,No,No,0.0008285004142502071
398,2014-08-27 15:25:41,United States,No,F,No,Don't know,0.0008285004142502071
399,2014-08-27 15:25:47,Canada,No,M,Don't know,Don't know,0.0008285004142502071
400,2014-08-27 15:26:05,United States,Yes,M,No,Yes,0.0008285004142502071
401,2014-08-27 15:26:37,United States,Yes,M,No,Yes,0.0008285004142502071
402,2014-08-27 15:26:40,United States,No,M,Don't know,Don't know,0.0008285004142502071
403,2014-08-27 15:26:57,United States,Yes,M,No,Yes,0.0008285004142502071
404,2014-08-27 15:27:25,Germany,Yes,M,No,Don't know,0.0008285004142502071
405,2014-08-27 15:27:31,United States,Yes,M,Yes,Yes,0.0008285004142502071
406,2014-08-27 15:27:38,United States,Yes,M,Yes,Yes,0.0008285004142502071
407,2014-08-27 15:27:39,United States,No,M,Don't know,Don't know,0.0008285004142502071
408,2014-08-27 15:28:34,Brazil,No,M,No,Don't know,0.0008285004142502071
409,2014-08-27 15:28:50,Spain,Yes,F,No,No,0.0008285004142502071
410,2014-08-27 15:29:03,United States,Yes,M,No,Yes,0.0008285004142502071
411,2014-08-27 15:29:07,United States,Yes,F,Don't know,Don't know,0.0008285004142502071
412,2014-08-27 15:29:23,United States,Yes,M,Don't know,Don't know,0.0008285004142502071
414,2014-08-27 15:31:10,United States,No,F,Don't know,Don't know,0.0008285004142502071
415,2014-08-27 15:31:18,United States,Yes,M,Don't know,Don't know,0.0008285004142502071
417,2014-08-27 15:31:31,India,No,M,No,No,0.0008285004142502071
418,2014-08-27 15:31:38,Finland,No,M,No,No,0.0008285004142502071
419,2014-08-27 15:31:40,United States,Yes,M,Don't know,No,0.0008285004142502071
420,2014-08-27 15:32:09,Germany,Yes,M,No,Yes,0.0008285004142502071
421,2014-08-27 15:32:19,Uruguay,No,M,No,Don't know,0.0008285004142502071
422,2014-08-27 15:32:43,New Zealand,Yes,M,No,Yes,0.0008285004142502071
423,2014-08-27 15:34:23,United Kingdom,Yes,M,Don't know,No,0.0008285004142502071
424,2014-08-27 15:34:31,United States,No,F,Don't know,Yes,0.0008285004142502071
425,2014-08-27 15:34:32,United States,No,M,Yes,Don't know,0.0008285004142502071
426,2014-08-27 15:35:21,United States,Yes,M,No,No,0.0008285004142502071
427,2014-08-27 15:35:37,United States,No,F,Don't know,Yes,0.0008285004142502071
428,2014-08-27 15:35:50,United States,No,M,No,Yes,0.0008285004142502071
429,2014-08-27 15:36:13,United States,No,F,Yes,Yes,0.0008285004142502071
430,2014-08-27 15:36:41,Canada,No,M,No,Don't know,0.0008285004142502071
431,2014-08-27 15:38:07,United States,Yes,F,No,No,0.0008285004142502071
432,2014-08-27 15:38:27,United States,No,M,No,No,0.0008285004142502071
433,2014-08-27 15:38:31,United States,No,M,No,Don't know,0.0008285004142502071
434,2014-08-27 15:38:32,United States,No,F,No,Don't know,0.0008285004142502071
435,2014-08-27 15:38:37,United States,No,M,Don't know,Don't know,0.0008285004142502071
436,2014-08-27 15:39:31,United States,No,M,Don't know,Don't know,0.0008285004142502071
437,2014-08-27 15:40:03,Australia,No,M,Don't know,Don't know,0.0008285004142502071
438,2014-08-27 15:43:17,United States,No,F,Don't know,Yes,0.0008285004142502071
439,2014-08-27 15:43:27,United States,Yes,M,Yes,Yes,0.0008285004142502071
440,2014-08-27 15:43:30,United Kingdom,Yes,M,No,No,0.0008285004142502071
441,2014-08-27 15:43:45,United States,No,M,Don't know,Yes,0.0008285004142502071
442,2014-08-27 15:44:16,United States,No,M,Yes,Yes,0.0008285004142502071
443,2014-08-27 15:44:20,United States,No,F,No,Yes,0.0008285004142502071
444,2014-08-27 15:46:12,Canada,Yes,M,No,Yes,0.0008285004142502071
445,2014-08-27 15:46:39,United States,Yes,M,Don't know,Yes,0.0008285004142502071
446,2014-08-27 15:47:26,United States,Yes,M,Don't know,Yes,0.0008285004142502071
447,2014-08-27 15:47:33,United States,No,F,No,Yes,0.0008285004142502071
448,2014-08-27 15:50:26,United States,No,M,No,Yes,0.0008285004142502071
449,2014-08-27 15:51:36,Canada,Yes,M,Yes,Yes,0.0008285004142502071
450,2014-08-27 15:53:39,United States,Yes,M,No,Yes,0.0008285004142502071
452,2014-08-27 15:54:45,United States,Yes,M,No,Yes,0.0008285004142502071
453,2014-08-27 15:55:07,United States,No,M,No,Don't know,0.0008285004142502071
454,2014-08-27 15:55:07,United States,Yes,M,Don't know,Don't know,0.0008285004142502071
455,2014-08-27 15:55:08,United States,No,M,No,Don't know,0.0008285004142502071
456,2014-08-27 15:56:37,Brazil,No,M,No,No,0.0008285004142502071
457,2014-08-27 15:58:23,Netherlands,Yes,M,No,Yes,0.0008285004142502071
458,2014-08-27 15:59:41,United Kingdom,No,M,No,No,0.0008285004142502071
459,2014-08-27 15:59:47,United States,No,M,No,Yes,0.0008285004142502071
460,2014-08-27 16:00:16,United Kingdom,No,M,Don't know,Don't know,0.0008285004142502071
463,2014-08-27 16:02:16,United States,Yes,F,No,Don't know,0.0008285004142502071
464,2014-08-27 16:03:20,United States,Yes,M,Don't know,Don't know,0.0008285004142502071
465,2014-08-27 16:04:01,United Kingdom,No,M,No,No,0.0008285004142502071
466,2014-08-27 16:06:46,United States,Yes,M,No,Yes,0.0008285004142502071
467,2014-08-27 16:07:32,United Kingdom,No,M,No,No,0.0008285004142502071
468,2014-08-27 16:10:10,France,No,M,No,No,0.0008285004142502071
469,2014-08-27 16:11:36,Netherlands,No,F,No,Yes,0.0008285004142502071
470,2014-08-27 16:13:31,United States,No,M,Yes,Yes,0.0008285004142502071
471,2014-08-27 16:13:40,United States,No,M,Yes,Yes,0.0008285004142502071
472,2014-08-27 16:13:42,United States,No,M,No,Don't know,0.0008285004142502071
473,2014-08-27 16:14:04,United Kingdom,No,F,Yes,Yes,0.0008285004142502071
474,2014-08-27 16:14:43,United States,No,M,No,Don't know,0.0008285004142502071
475,2014-08-27 16:15:26,United States,No,M,Yes,Yes,0.0008285004142502071
476,2014-08-27 16:15:33,Germany,Yes,M,No,No,0.0008285004142502071
477,2014-08-27 16:16:40,Germany,Yes,M,Don't know,Don't know,0.0008285004142502071
478,2014-08-27 16:16:51,Finland,No,M,Don't know,Don't know,0.0008285004142502071
479,2014-08-27 16:17:05,United States,No,F,No,Don't know,0.0008285004142502071
480,2014-08-27 16:17:41,United States,No,M,Don't know,Don't know,0.0008285004142502071
481,2014-08-27 16:18:44,United States,No,M,Yes,Yes,0.0008285004142502071
482,2014-08-27 16:19:05,United Kingdom,Yes,F,Don't know,Don't know,0.0008285004142502071
483,2014-08-27 16:19:25,United States,No,M,No,Yes,0.0008285004142502071
484,2014-08-27 16:20:36,United States,No,M,Don't know,Don't know,0.0008285004142502071
485,2014-08-27 16:20:40,Germany,No,M,No,No,0.0008285004142502071
486,2014-08-27 16:21:11,United States,Yes,F,No,Don't know,0.0008285004142502071
487,2014-08-27 16:21:24,United States,Yes,M,No,No,0.0008285004142502071
488,2014-08-27 16:21:54,Israel,No,M,No,No,0.0008285004142502071
489,2014-08-27 16:21:55,Italy,No,M,No,No,0.0008285004142502071
490,2014-08-27 16:22:10,United States,No,M,Don't know,Yes,0.0008285004142502071
491,2014-08-27 16:22:17,United States,No,M,No,Don't know,0.0008285004142502071
492,2014-08-27 16:23:14,Israel,No,M,No,No,0.0008285004142502071
493,2014-08-27 16:25:26,United States,Yes,F,Don't know,No,0.0008285004142502071
494,2014-08-27 16:26:03,United States,No,M,Don't know,Don't know,0.0008285004142502071
495,2014-08-27 16:27:04,United States,Yes,F,No,Yes,0.0008285004142502071
496,2014-08-27 16:27:47,United States,No,M,No,Yes,0.0008285004142502071
497,2014-08-27 16:28:10,United States,Yes,F,No,Don't know,0.0008285004142502071
498,2014-08-27 16:28:20,United Kingdom,No,M,Yes,No,0.0008285004142502071
499,2014-08-27 16:29:05,Netherlands,No,M,Don't know,Don't know,0.0008285004142502071
500,2014-08-27 16:29:23,United States,No,F,No,Yes,0.0008285004142502071
501,2014-08-27 16:31:16,Ireland,Yes,M,No,No,0.0008285004142502071
502,2014-08-27 16:32:31,United Kingdom,No,M,Don't know,No,0.0008285004142502071
503,2014-08-27 16:34:18,Germany,No,M,Yes,Don't know,0.0008285004142502071
504,2014-08-27 16:35:02,United States,No,F,No,No,0.0008285004142502071
505,2014-08-27 16:36:57,United States,No,M,Yes,Yes,0.0008285004142502071
506,2014-08-27 16:39:00,United States,No,M,No,Yes,0.0008285004142502071
507,2014-08-27 16:39:01,United Kingdom,Yes,M,No,Yes,0.0008285004142502071
508,2014-08-27 16:40:35,United States,Yes,M,Yes,Yes,0.0008285004142502071
509,2014-08-27 16:42:00,United States,No,M,Don't know,Yes,0.0008285004142502071
510,2014-08-27 16:42:55,United States,No,F,Yes,Yes,0.0008285004142502071
511,2014-08-27 16:47:48,United States,No,F,No,No,0.0008285004142502071
512,2014-08-27 16:53:54,United States,No,M,Don't know,Don't know,0.0008285004142502071
513,2014-08-27 16:55:04,United States,No,M,Yes,Yes,0.0008285004142502071
514,2014-08-27 17:00:15,United States,Yes,M,Yes,Yes,0.0008285004142502071
515,2014-08-27 17:03:02,United States,No,M,Don't know,Don't know,0.0008285004142502071
516,2014-08-27 17:04:29,United States,No,M,Yes,Yes,0.0008285004142502071
517,2014-08-27 17:08:18,United States,Yes,F,Yes,Yes,0.0008285004142502071
518,2014-08-27 17:09:23,Germany,No,M,No,Yes,0.0008285004142502071
519,2014-08-27 17:10:56,United Kingdom,Yes,M,No,No,0.0008285004142502071
520,2014-08-27 17:12:01,United States,No,M,Yes,Yes,0.0008285004142502071
521,2014-08-27 17:14:36,United States,No,F,Don't know,Don't know,0.0008285004142502071
522,2014-08-27 17:15:25,United States,No,M,No,No,0.0008285004142502071
523,2014-08-27 17:19:05,Bosnia and Herzegovina,Yes,M,Don't know,Don't know,0.0008285004142502071
524,2014-08-27 17:22:29,United States,Yes,M,No,Don't know,0.0008285004142502071
525,2014-08-27 17:32:04,United States,Yes,F,Yes,Yes,0.0008285004142502071
526,2014-08-27 17:33:51,Austria,No,M,Don't know,Yes,0.0008285004142502071
527,2014-08-27 17:33:52,New Zealand,No,M,No,No,0.0008285004142502071
528,2014-08-27 17:33:52,United States,No,M,Yes,Yes,0.0008285004142502071
529,2014-08-27 17:37:41,Canada,Yes,F,Don't know,Don't know,0.0008285004142502071
530,2014-08-27 17:39:58,United Kingdom,No,M,No,No,0.0008285004142502071
531,2014-08-27 17:41:44,Australia,No,M,Yes,Yes,0.0008285004142502071
532,2014-08-27 17:42:49,Hungary,Yes,F,No,No,0.0008285004142502071
533,2014-08-27 17:46:17,Sweden,No,M,Don't know,Don't know,0.0008285004142502071
534,2014-08-27 17:47:45,Canada,No,M,No,Don't know,0.0008285004142502071
535,2014-08-27 17:48:54,Australia,Yes,F,No,No,0.0008285004142502071
536,2014-08-27 17:49:21,United States,Yes,M,Yes,Yes,0.0008285004142502071
537,2014-08-27 17:49:30,United States,Yes,M,Don't know,Don't know,0.0008285004142502071
538,2014-08-27 17:52:31,United Kingdom,No,M,No,Don't know,0.0008285004142502071
539,2014-08-27 17:56:50,United States,Yes,F,Don't know,Yes,0.0008285004142502071
540,2014-08-27 18:00:39,United States,Yes,F,No,Don't know,0.0008285004142502071
541,2014-08-27 18:02:32,United States,Yes,F,No,Yes,0.0008285004142502071
542,2014-08-27 18:02:42,United Kingdom,No,M,No,Don't know,0.0008285004142502071
543,2014-08-27 18:12:55,United States,Yes,F,Don't know,Yes,0.0008285004142502071
545,2014-08-27 18:14:59,United Kingdom,No,F,No,Don't know,0.0008285004142502071
546,2014-08-27 18:16:52,United Kingdom,No,M,Don't know,Don't know,0.0008285004142502071
547,2014-08-27 18:18:18,United States,Yes,M,Yes,Yes,0.0008285004142502071
548,2014-08-27 18:22:05,United States,Yes,M,Yes,Yes,0.0008285004142502071
549,2014-08-27 18:29:32,Germany,No,M,No,No,0.0008285004142502071
551,2014-08-27 18:41:00,New Zealand,No,M,No,No,0.0008285004142502071
552,2014-08-27 18:43:06,Canada,No,F,No,No,0.0008285004142502071
554,2014-08-27 18:59:44,New Zealand,Yes,F,No,No,0.0008285004142502071
555,2014-08-27 19:05:52,Canada,No,F,Don't know,Don't know,0.0008285004142502071
556,2014-08-27 19:08:31,Australia,No,M,Yes,Yes,0.0008285004142502071
557,2014-08-27 19:13:21,United States,No,M,Don't know,Don't know,0.0008285004142502071
558,2014-08-27 19:13:27,Netherlands,Yes,M,Don't know,No,0.0008285004142502071
559,2014-08-27 19:16:15,United States,No,M,Don't know,Don't know,0.0008285004142502071
560,2014-08-27 19:17:07,United States,No,M,No,No,0.0008285004142502071
561,2014-08-27 19:25:42,United States,Yes,M,Don't know,Don't know,0.0008285004142502071
562,2014-08-27 19:27:25,Australia,No,M,Don't know,Don't know,0.0008285004142502071
563,2014-08-27 19:28:35,United States,No,M,Don't know,Don't know,0.0008285004142502071
564,2014-08-27 19:34:26,Canada,No,M,No,No,0.0008285004142502071
565,2014-08-27 19:34:56,United States,No,M,No,Yes,0.0008285004142502071
566,2014-08-27 19:38:44,United States,No,M,Don't know,Yes,0.0008285004142502071
567,2014-08-27 19:41:28,United States,No,M,Yes,Yes,0.0008285004142502071
568,2014-08-27 19:45:36,United States,Yes,M,Don't know,Yes,0.0008285004142502071
570,2014-08-27 20:13:06,United States,Yes,M,No,No,0.0008285004142502071
572,2014-08-27 20:33:33,United States,No,F,Yes,Don't know,0.0008285004142502071
573,2014-08-27 20:48:54,United States,Yes,F,No,Yes,0.0008285004142502071
574,2014-08-27 20:52:20,United States,No,M,No,No,0.0008285004142502071
575,2014-08-27 20:52:31,United States,Yes,M,Don't know,Don't know,0.0008285004142502071
576,2014-08-27 20:53:22,United States,No,M,No,Don't know,0.0008285004142502071
577,2014-08-27 20:55:48,United States,Yes,M,No,Don't know,0.0008285004142502071
578,2014-08-27 21:05:41,Canada,No,M,No,Yes,0.0008285004142502071
579,2014-08-27 21:15:09,United States,Yes,M,No,Yes,0.0008285004142502071
580,2014-08-27 21:17:31,United States,Yes,M,No,Yes,0.0008285004142502071
581,2014-08-27 21:21:31,United States,Yes,M,Don't know,Don't know,0.0008285004142502071
582,2014-08-27 21:35:24,Canada,No,M,Yes,Yes,0.0008285004142502071
583,2014-08-27 21:39:23,United States,No,M,No,No,0.0008285004142502071
584,2014-08-27 21:45:31,Singapore,No,M,No,No,0.0008285004142502071
585,2014-08-27 21:54:29,United States,No,F,No,Don't know,0.0008285004142502071
586,2014-08-27 21:54:32,Australia,No,M,No,No,0.0008285004142502071
587,2014-08-27 21:55:28,United States,No,F,No,Yes,0.0008285004142502071
588,2014-08-27 22:00:36,United States,Yes,M,No,No,0.0008285004142502071
589,2014-08-27 22:04:43,United States,No,M,No,No,0.0008285004142502071
590,2014-08-27 22:04:47,United States,Yes,M,No,Yes,0.0008285004142502071
591,2014-08-27 22:06:14,United States,Yes,M,No,Don't know,0.0008285004142502071
592,2014-08-27 22:07:34,Canada,Yes,M,No,No,0.0008285004142502071
593,2014-08-27 22:11:16,United States,Yes,M,Yes,Yes,0.0008285004142502071
594,2014-08-27 22:12:55,United States,Yes,M,Yes,Yes,0.0008285004142502071
595,2014-08-27 22:13:55,United States,No,M,Don't know,Yes,0.0008285004142502071
596,2014-08-27 22:14:23,United States,Yes,F,No,Yes,0.0008285004142502071
597,2014-08-27 22:14:46,United States,No,M,Don't know,Don't know,0.0008285004142502071
598,2014-08-27 22:21:48,United States,No,M,Don't know,Don't know,0.0008285004142502071
599,2014-08-27 22:26:03,United States,Yes,M,Don't know,No,0.0008285004142502071
600,2014-08-27 22:32:36,United States,Yes,M,Yes,Yes,0.0008285004142502071
601,2014-08-27 22:35:40,United States,Yes,M,Yes,No,0.0008285004142502071
602,2014-08-27 22:36:34,United States,Yes,M,No,Yes,0.0008285004142502071
604,2014-08-27 22:59:23,United States,No,M,Don't know,Yes,0.0008285004142502071
605,2014-08-27 23:09:46,United States,No,M,No,No,0.0008285004142502071
606,2014-08-27 23:10:16,United States,No,M,Don't know,Don't know,0.0008285004142502071
607,2014-08-27 23:10:23,United States,No,M,No,Don't know,0.0008285004142502071
608,2014-08-27 23:14:58,United States,No,M,No,Don't know,0.0008285004142502071
609,2014-08-27 23:30:52,Australia,No,M,No,No,0.0008285004142502071
610,2014-08-27 23:54:08,United States,No,M,No,No,0.0008285004142502071
611,2014-08-27 23:56:33,United States,No,M,No,No,0.0008285004142502071
612,2014-08-27 23:57:16,United States,No,M,No,Don't know,0.0008285004142502071
613,2014-08-27 23:59:59,Singapore,No,M,No,Don't know,0.0008285004142502071
614,2014-08-28 00:02:36,United States,No,M,No,Yes,0.0008285004142502071
615,2014-08-28 00:05:34,United States,No,M,Yes,No,0.0008285004142502071
616,2014-08-28 00:17:24,United States,No,M,Don't know,Yes,0.0008285004142502071
617,2014-08-28 00:43:40,United States,Yes,M,No,Yes,0.0008285004142502071
618,2014-08-28 00:47:55,Netherlands,Yes,M,Don't know,No,0.0008285004142502071
619,2014-08-28 01:04:45,United Kingdom,Yes,M,No,Yes,0.0008285004142502071
620,2014-08-28 01:14:11,Germany,Yes,M,No,Don't know,0.0008285004142502071
621,2014-08-28 01:19:34,Netherlands,No,M,No,Don't know,0.0008285004142502071
622,2014-08-28 01:30:12,United States,No,F,No,Yes,0.0008285004142502071
623,2014-08-28 01:38:53,United States,Yes,F,Yes,Yes,0.0008285004142502071
624,2014-08-28 01:41:17,United States,Yes,F,No,Don't know,0.0008285004142502071
625,2014-08-28 01:56:43,United States,Yes,F,Yes,Yes,0.0008285004142502071
627,2014-08-28 02:17:42,United States,Yes,M,No,No,0.0008285004142502071
629,2014-08-28 02:30:00,United States,Yes,M,Don't know,Yes,0.0008285004142502071
630,2014-08-28 02:32:11,United Kingdom,No,F,No,No,0.0008285004142502071
632,2014-08-28 02:46:56,Germany,No,M,No,No,0.0008285004142502071
633,2014-08-28 02:49:34,United States,No,F,Don't know,Yes,0.0008285004142502071
634,2014-08-28 02:52:45,Germany,No,M,Don't know,Don't know,0.0008285004142502071
635,2014-08-28 02:54:44,Germany,No,M,No,No,0.0008285004142502071
636,2014-08-28 03:05:52,Poland,Yes,M,No,No,0.0008285004142502071
637,2014-08-28 03:06:14,United Kingdom,No,M,No,No,0.0008285004142502071
638,2014-08-28 03:13:10,United States,No,M,No,Yes,0.0008285004142502071
639,2014-08-28 03:13:20,Japan,Yes,M,No,No,0.0008285004142502071
640,2014-08-28 03:15:01,Germany,No,M,No,Yes,0.0008285004142502071
641,2014-08-28 03:16:53,Germany,No,M,No,No,0.0008285004142502071
642,2014-08-28 03:29:19,Australia,Yes,F,Yes,Yes,0.0008285004142502071
643,2014-08-28 03:36:10,United States,No,M,Yes,Yes,0.0008285004142502071
644,2014-08-28 03:42:58,Belgium,Yes,F,No,Yes,0.0008285004142502071
645,2014-08-28 03:47:30,Ireland,No,M,No,No,0.0008285004142502071
646,2014-08-28 03:49:56,Ireland,Yes,M,No,No,0.0008285004142502071
647,2014-08-28 03:52:05,Australia,No,M,No,No,0.0008285004142502071
648,2014-08-28 04:00:30,Australia,Yes,F,Yes,No,0.0008285004142502071
649,2014-08-28 04:02:47,Netherlands,No,F,No,No,0.0008285004142502071
650,2014-08-28 04:07:34,United States,No,M,Yes,Don't know,0.0008285004142502071
651,2014-08-28 04:09:14,United Kingdom,Yes,M,Don't know,Don't know,0.0008285004142502071
652,2014-08-28 04:11:27,United Kingdom,Yes,M,No,Don't know,0.0008285004142502071
653,2014-08-28 04:16:30,Australia,Yes,F,Yes,Don't know,0.0008285004142502071
654,2014-08-28 04:23:01,United States,No,M,Yes,Yes,0.0008285004142502071
655,2014-08-28 04:24:03,Nigeria,No,M,No,No,0.0008285004142502071
656,2014-08-28 04:30:08,Poland,No,M,No,No,0.0008285004142502071
657,2014-08-28 04:34:32,Germany,No,M,No,No,0.0008285004142502071
658,2014-08-28 04:37:54,United Kingdom,Yes,M,Don't know,Yes,0.0008285004142502071
659,2014-08-28 04:53:52,Germany,No,M,Don't know,Don't know,0.0008285004142502071
660,2014-08-28 05:05:32,Switzerland,No,F,Yes,Yes,0.0008285004142502071
661,2014-08-28 05:12:15,United Kingdom,No,M,Don't know,Don't know,0.0008285004142502071
662,2014-08-28 05:14:28,United States,No,M,Don't know,Don't know,0.0008285004142502071
663,2014-08-28 06:02:05,Ireland,No,M,No,No,0.0008285004142502071
664,2014-08-28 06:05:18,Italy,No,M,No,Don't know,0.0008285004142502071
665,2014-08-28 06:10:25,Ireland,No,M,No,No,0.0008285004142502071
666,2014-08-28 06:11:06,India,No,M,Don't know,Don't know,0.0008285004142502071
667,2014-08-28 06:27:59,Ireland,No,M,Don't know,Don't know,0.0008285004142502071
668,2014-08-28 06:30:18,Netherlands,No,M,No,No,0.0008285004142502071
669,2014-08-28 07:01:30,France,No,M,No,Don't know,0.0008285004142502071
670,2014-08-28 07:03:00,Russia,No,M,Don't know,No,0.0008285004142502071
671,2014-08-28 07:03:03,United States,Yes,M,Don't know,Don't know,0.0008285004142502071
673,2014-08-28 08:00:40,Israel,Yes,F,Don't know,Don't know,0.0008285004142502071
674,2014-08-28 08:06:43,Canada,Yes,M,No,Don't know,0.0008285004142502071
675,2014-08-28 08:18:06,United States,No,M,Don't know,Don't know,0.0008285004142502071
676,2014-08-28 08:23:11,India,No,M,No,No,0.0008285004142502071
677,2014-08-28 08:39:49,United States,Yes,F,No,Don't know,0.0008285004142502071
678,2014-08-28 08:40:55,Germany,No,M,No,No,0.0008285004142502071
679,2014-08-28 08:43:23,United States,No,M,Yes,Yes,0.0008285004142502071
680,2014-08-28 08:43:57,Bulgaria,No,M,No,No,0.0008285004142502071
681,2014-08-28 08:43:58,United States,No,M,Yes,Yes,0.0008285004142502071
683,2014-08-28 09:09:30,Canada,No,F,Don't know,Yes,0.0008285004142502071
684,2014-08-28 09:16:21,United Kingdom,No,F,No,No,0.0008285004142502071
685,2014-08-28 09:18:13,India,Yes,F,Don't know,Don't know,0.0008285004142502071
686,2014-08-28 09:40:42,United States,Yes,F,Yes,Yes,0.0008285004142502071
687,2014-08-28 09:53:42,United States,Yes,M,Yes,Yes,0.0008285004142502071
688,2014-08-28 09:53:57,United States,No,M,No,Don't know,0.0008285004142502071
689,2014-08-28 09:54:21,United Kingdom,No,F,Don't know,Don't know,0.0008285004142502071
690,2014-08-28 09:54:38,Canada,No,M,No,Yes,0.0008285004142502071
691,2014-08-28 09:54:47,Netherlands,No,M,No,No,0.0008285004142502071
692,2014-08-28 09:54:51,Germany,No,M,Don't know,Don't know,0.0008285004142502071
693,2014-08-28 09:55:14,Canada,No,F,Don't know,Yes,0.0008285004142502071
694,2014-08-28 09:56:03,United Kingdom,No,M,No,No,0.0008285004142502071
695,2014-08-28 09:56:04,United Kingdom,No,M,No,Yes,0.0008285004142502071
696,2014-08-28 09:56:10,France,No,M,No,No,0.0008285004142502071
697,2014-08-28 09:56:21,United States,No,F,No,No,0.0008285004142502071
698,2014-08-28 09:56:30,France,No,M,Don't know,Don't know,0.0008285004142502071
699,2014-08-28 09:57:02,United States,No,M,Don't know,No,0.0008285004142502071
700,2014-08-28 09:57:10,United States,No,M,Don't know,Yes,0.0008285004142502071
701,2014-08-28 09:57:25,United States,Yes,M,Yes,No,0.0008285004142502071
702,2014-08-28 09:58:08,United States,Yes,M,Don't know,Yes,0.0008285004142502071
703,2014-08-28 09:59:39,United States,No,M,No,Yes,0.0008285004142502071
704,2014-08-28 09:59:39,United States,Yes,M,Yes,Yes,0.0008285004142502071
705,2014-08-28 10:00:48,United Kingdom,No,M,No,Don't know,0.0008285004142502071
706,2014-08-28 10:01:15,United States,No,M,No,Don't know,0.0008285004142502071
707,2014-08-28 10:01:31,United States,No,M,Don't know,Don't know,0.0008285004142502071
708,2014-08-28 10:02:09,United States,No,F,Don't know,Don't know,0.0008285004142502071
709,2014-08-28 10:02:23,United States,No,M,No,Yes,0.0008285004142502071
710,2014-08-28 10:02:45,United Kingdom,No,M,No,No,0.0008285004142502071
711,2014-08-28 10:04:34,France,No,M,Don't know,Don't know,0.0008285004142502071
712,2014-08-28 10:04:41,United States,Yes,M,Don't know,Don't know,0.0008285004142502071
713,2014-08-28 10:05:43,United States,No,M,Yes,Yes,0.0008285004142502071
714,2014-08-28 10:07:37,United States,Yes,M,Don't know,Yes,0.0008285004142502071
715,2014-08-28 10:07:53,United Kingdom,No,M,No,No,0.0008285004142502071
716,2014-08-28 10:08:19,Germany,No,M,Yes,Yes,0.0008285004142502071
717,2014-08-28 10:08:34,United States,No,M,No,Yes,0.0008285004142502071
718,2014-08-28 10:10:29,Netherlands,Yes,M,No,No,0.0008285004142502071
720,2014-08-28 10:13:44,United Kingdom,No,M,No,Don't know,0.0008285004142502071
721,2014-08-28 10:15:52,Canada,Yes,M,No,Don't know,0.0008285004142502071
722,2014-08-28 10:16:55,Canada,No,M,No,No,0.0008285004142502071
723,2014-08-28 10:17:19,United States,Yes,M,Don't know,Don't know,0.0008285004142502071
724,2014-08-28 10:18:34,United States,Yes,M,No,No,0.0008285004142502071
725,2014-08-28 10:18:46,South Africa,No,M,No,No,0.0008285004142502071
726,2014-08-28 10:20:37,Germany,No,M,No,Don't know,0.0008285004142502071
727,2014-08-28 10:22:06,Switzerland,Yes,M,No,Don't know,0.0008285004142502071
728,2014-08-28 10:24:19,United States,No,M,Don't know,Don't know,0.0008285004142502071
729,2014-08-28 10:25:39,Croatia,No,M,No,No,0.0008285004142502071
730,2014-08-28 10:29:47,United Kingdom,No,M,No,No,0.0008285004142502071
731,2014-08-28 10:30:04,France,No,M,No,No,0.0008285004142502071
732,2014-08-28 10:30:44,United States,No,M,No,Don't know,0.0008285004142502071
733,2014-08-28 10:34:01,United States,No,M,Yes,Yes,0.0008285004142502071
734,2014-08-28 10:35:55,United States,No,M,No,Don't know,0.0008285004142502071
735,2014-08-28 10:42:09,United Kingdom,No,M,No,No,0.0008285004142502071
736,2014-08-28 10:45:21,United States,No,M,Yes,Yes,0.0008285004142502071
737,2014-08-28 10:47:12,United Kingdom,No,M,No,Don't know,0.0008285004142502071
738,2014-08-28 10:51:08,United Kingdom,No,M,Yes,No,0.0008285004142502071
739,2014-08-28 10:52:33,United States,Yes,M,Don't know,Don't know,0.0008285004142502071
740,2014-08-28 10:54:31,Australia,Yes,M,No,No,0.0008285004142502071
741,2014-08-28 10:57:23,Belgium,No,M,No,No,0.0008285004142502071
742,2014-08-28 11:02:41,United Kingdom,No,M,No,No,0.0008285004142502071
743,2014-08-28 11:04:00,United States,Yes,M,Don't know,Yes,0.0008285004142502071
744,2014-08-28 11:04:17,United States,No,M,No,Yes,0.0008285004142502071
745,2014-08-28 11:07:23,United States,No,M,Don't know,Don't know,0.0008285004142502071
746,2014-08-28 11:09:03,Canada,No,M,Don't know,Yes,0.0008285004142502071
747,2014-08-28 11:10:53,Italy,No,M,No,No,0.0008285004142502071
748,2014-08-28 11:14:21,United States,Yes,M,Yes,Yes,0.0008285004142502071
749,2014-08-28 11:15:42,Canada,No,M,No,Don't know,0.0008285004142502071
750,2014-08-28 11:19:35,Norway,Yes,M,No,Yes,0.0008285004142502071
751,2014-08-28 11:20:14,Germany,No,M,Yes,Don't know,0.0008285004142502071
752,2014-08-28 11:21:17,United States,Yes,M,Don't know,Don't know,0.0008285004142502071
753,2014-08-28 11:21:48,Thailand,No,M,No,No,0.0008285004142502071
754,2014-08-28 11:22:04,United States,No,M,Yes,Yes,0.0008285004142502071
755,2014-08-28 11:26:15,United States,Yes,F,Don't know,Don't know,0.0008285004142502071
756,2014-08-28 11:27:56,United States,Yes,F,Don't know,Yes,0.0008285004142502071
757,2014-08-28 11:29:20,United States,Yes,M,Don't know,Yes,0.0008285004142502071
758,2014-08-28 11:32:37,Germany,No,M,No,No,0.0008285004142502071
759,2014-08-28 11:34:36,United States,No,M,No,No,0.0008285004142502071
760,2014-08-28 11:36:48,Canada,Yes,M,No,No,0.0008285004142502071
761,2014-08-28 11:38:30,United States,Yes,F,Yes,Yes,0.0008285004142502071
762,2014-08-28 11:40:11,Ireland,Yes,M,No,No,0.0008285004142502071
763,2014-08-28 11:44:43,Ireland,Yes,M,No,No,0.0008285004142502071
764,2014-08-28 11:47:35,United States,No,F,Don't know,Don't know,0.0008285004142502071
765,2014-08-28 11:48:12,Netherlands,No,M,No,No,0.0008285004142502071
766,2014-08-28 11:50:06,United States,Yes,F,Yes,Yes,0.0008285004142502071
767,2014-08-28 11:50:28,United Kingdom,No,M,Don't know,Don't know,0.0008285004142502071
768,2014-08-28 11:54:23,United States,No,F,No,Yes,0.0008285004142502071
769,2014-08-28 11:58:21,United Kingdom,No,M,No,Don't know,0.0008285004142502071
770,2014-08-28 11:59:23,United Kingdom,No,M,No,Don't know,0.0008285004142502071
771,2014-08-28 12:02:59,United States,Yes,M,No,No,0.0008285004142502071
772,2014-08-28 12:05:41,United Kingdom,No,M,Don't know,Don't know,0.0008285004142502071
773,2014-08-28 12:06:55,United Kingdom,No,M,Don't know,Don't know,0.0008285004142502071
774,2014-08-28 12:07:28,United Kingdom,Yes,M,No,No,0.0008285004142502071
775,2014-08-28 12:08:30,Canada,No,M,Yes,Yes,0.0008285004142502071
778,2014-08-28 12:10:42,United States,No,F,Yes,Don't know,0.0008285004142502071
779,2014-08-28 12:12:49,United Kingdom,No,F,No,Don't know,0.0008285004142502071
780,2014-08-28 12:15:08,United Kingdom,No,M,Don't know,Don't know,0.0008285004142502071
781,2014-08-28 12:19:34,United States,No,M,No,No,0.0008285004142502071
782,2014-08-28 12:19:42,United Kingdom,Yes,M,Don't know,Don't know,0.0008285004142502071
783,2014-08-28 12:22:14,United States,No,M,No,Don't know,0.0008285004142502071
784,2014-08-28 12:23:37,United States,No,M,No,Don't know,0.0008285004142502071
785,2014-08-28 12:30:20,United States,Yes,M,Yes,Yes,0.0008285004142502071
786,2014-08-28 12:40:46,United Kingdom,Yes,M,No,No,0.0008285004142502071
787,2014-08-28 12:42:12,United States,Yes,M,Don't know,Yes,0.0008285004142502071
788,2014-08-28 12:42:30,Netherlands,No,M,Don't know,Don't know,0.0008285004142502071
789,2014-08-28 12:44:55,Switzerland,No,M,Yes,Yes,0.0008285004142502071
790,2014-08-28 12:53:21,United Kingdom,No,M,No,Don't know,0.0008285004142502071
791,2014-08-28 13:01:26,United States,No,M,Don't know,Yes,0.0008285004142502071
792,2014-08-28 13:04:30,United States,No,F,No,Don't know,0.0008285004142502071
793,2014-08-28 13:08:36,United States,No,F,No,Yes,0.0008285004142502071
794,2014-08-28 13:11:05,United States,Yes,F,Don't know,Don't know,0.0008285004142502071
795,2014-08-28 13:17:40,United States,No,M,No,Yes,0.0008285004142502071
796,2014-08-28 13:26:17,United States,Yes,F,Don't know,Yes,0.0008285004142502071
797,2014-08-28 13:32:37,Brazil,No,M,No,Don't know,0.0008285004142502071
798,2014-08-28 13:34:57,Switzerland,Yes,M,No,No,0.0008285004142502071
799,2014-08-28 13:35:25,United States,No,F,Don't know,Don't know,0.0008285004142502071
800,2014-08-28 13:39:12,United States,No,M,No,Yes,0.0008285004142502071
801,2014-08-28 13:39:40,United States,Yes,M,No,No,0.0008285004142502071
802,2014-08-28 13:40:08,United States,No,M,No,Yes,0.0008285004142502071
803,2014-08-28 13:41:51,United States,No,F,Yes,Yes,0.0008285004142502071
804,2014-08-28 13:47:37,United Kingdom,No,M,Don't know,Don't know,0.0008285004142502071
806,2014-08-28 13:48:30,United States,Yes,F,Yes,Yes,0.0008285004142502071
807,2014-08-28 13:54:47,United States,Yes,F,Don't know,Don't know,0.0008285004142502071
808,2014-08-28 13:57:01,United States,No,M,Don't know,Don't know,0.0008285004142502071
809,2014-08-28 14:00:02,United States,Yes,M,Yes,Yes,0.0008285004142502071
810,2014-08-28 14:01:56,United Kingdom,No,M,No,Don't know,0.0008285004142502071
811,2014-08-28 14:02:07,United Kingdom,No,M,No,No,0.0008285004142502071
812,2014-08-28 14:04:54,United States,No,M,No,No,0.0008285004142502071
813,2014-08-28 14:12:58,United States,No,M,No,No,0.0008285004142502071
814,2014-08-28 14:15:02,United Kingdom,No,F,Don't know,Don't know,0.0008285004142502071
815,2014-08-28 14:31:00,United States,No,F,Don't know,Don't know,0.0008285004142502071
816,2014-08-28 14:38:50,United States,Yes,M,Yes,Yes,0.0008285004142502071
817,2014-08-28 14:41:47,United States,Yes,M,No,No,0.0008285004142502071
819,2014-08-28 14:51:46,Denmark,Yes,M,No,No,0.0008285004142502071
820,2014-08-28 14:52:46,United States,Yes,F,Don't know,Yes,0.0008285004142502071
821,2014-08-28 14:53:02,Denmark,Yes,M,No,No,0.0008285004142502071
822,2014-08-28 14:53:32,United States,No,M,No,No,0.0008285004142502071
823,2014-08-28 14:57:10,United States,No,M,Don't know,Don't know,0.0008285004142502071
824,2014-08-28 15:01:46,United States,No,M,Yes,Yes,0.0008285004142502071
826,2014-08-28 15:32:03,United States,No,M,Don't know,Don't know,0.0008285004142502071
827,2014-08-28 15:37:04,United States,No,M,No,Don't know,0.0008285004142502071
828,2014-08-28 15:40:32,United Kingdom,No,F,No,Don't know,0.0008285004142502071
829,2014-08-28 15:43:37,United States,Yes,M,No,No,0.0008285004142502071
830,2014-08-28 15:48:12,United States,Yes,M,Yes,Yes,0.0008285004142502071
831,2014-08-28 15:50:12,United States,No,M,Don't know,Yes,0.0008285004142502071
832,2014-08-28 15:50:44,Sweden,No,M,No,No,0.0008285004142502071
833,2014-08-28 15:54:35,United States,Yes,F,No,Yes,0.0008285004142502071
834,2014-08-28 15:56:47,United States,No,M,No,No,0.0008285004142502071
835,2014-08-28 16:09:35,United Kingdom,Yes,M,No,Don't know,0.0008285004142502071
836,2014-08-28 16:17:09,United States,Yes,F,No,Yes,0.0008285004142502071
837,2014-08-28 16:31:00,United States,No,F,Don't know,Don't know,0.0008285004142502071
838,2014-08-28 16:42:49,United Kingdom,Yes,M,No,Don't know,0.0008285004142502071
839,2014-08-28 16:52:23,United States,No,M,Yes,Yes,0.0008285004142502071
840,2014-08-28 16:52:34,United States,No,M,Don't know,Don't know,0.0008285004142502071
841,2014-08-28 16:52:34,United Kingdom,No,M,No,No,0.0008285004142502071
842,2014-08-28 16:54:49,United States,Yes,F,No,Yes,0.0008285004142502071
843,2014-08-28 16:55:07,United States,No,M,Don't know,Don't know,0.0008285004142502071
844,2014-08-28 16:55:31,United States,Yes,M,No,Yes,0.0008285004142502071
845,2014-08-28 16:56:26,Italy,No,M,Don't know,Don't know,0.0008285004142502071
846,2014-08-28 16:56:57,United States,No,M,Don't know,Don't know,0.0008285004142502071
847,2014-08-28 16:56:58,Netherlands,No,M,No,No,0.0008285004142502071
848,2014-08-28 16:57:07,United States,Yes,M,No,No,0.0008285004142502071
849,2014-08-28 16:57:46,United States,No,M,Yes,Yes,0.0008285004142502071
850,2014-08-28 16:57:49,United States,No,M,No,No,0.0008285004142502071
851,2014-08-28 16:58:33,United States,Yes,M,Don't know,Yes,0.0008285004142502071
852,2014-08-28 16:58:33,United Kingdom,Yes,M,No,No,0.0008285004142502071
853,2014-08-28 16:58:50,Canada,No,M,No,No,0.0008285004142502071
854,2014-08-28 17:01:06,United States,Yes,M,No,Don't know,0.0008285004142502071
855,2014-08-28 17:01:21,United States,Yes,M,Yes,Yes,0.0008285004142502071
856,2014-08-28 17:01:25,United States,No,M,Yes,Yes,0.0008285004142502071
857,2014-08-28 17:02:27,United States,No,M,No,Don't know,0.0008285004142502071
858,2014-08-28 17:02:29,United States,No,M,No,No,0.0008285004142502071
859,2014-08-28 17:02:56,United Kingdom,Yes,M,No,No,0.0008285004142502071
860,2014-08-28 17:02:44,United Kingdom,Yes,M,No,No,0.0008285004142502071
861,2014-08-28 17:03:42,United Kingdom,No,M,Don't know,No,0.0008285004142502071
862,2014-08-28 17:07:11,United States,No,M,Don't know,Don't know,0.0008285004142502071
863,2014-08-28 17:07:28,United States,Yes,M,No,No,0.0008285004142502071
864,2014-08-28 17:07:39,United States,No,M,Yes,Yes,0.0008285004142502071
865,2014-08-28 17:08:16,United Kingdom,No,M,No,No,0.0008285004142502071
866,2014-08-28 17:09:03,United States,Yes,M,No,Yes,0.0008285004142502071
867,2014-08-28 17:10:00,United States,No,M,No,No,0.0008285004142502071
868,2014-08-28 17:10:04,Germany,No,M,No,No,0.0008285004142502071
869,2014-08-28 17:10:08,Mexico,No,M,Don't know,Don't know,0.0008285004142502071
870,2014-08-28 17:11:48,United States,No,M,Yes,Yes,0.0008285004142502071
871,2014-08-28 17:12:30,United Kingdom,Yes,F,No,Don't know,0.0008285004142502071
872,2014-08-28 17:14:31,United Kingdom,No,M,Yes,Yes,0.0008285004142502071
873,2014-08-28 17:16:53,United States,No,M,Don't know,Don't know,0.0008285004142502071
874,2014-08-28 17:19:05,United States,Yes,M,No,Yes,0.0008285004142502071
875,2014-08-28 17:19:27,United States,Yes,M,Don't know,Don't know,0.0008285004142502071
876,2014-08-28 17:19:53,United States,No,M,No,Yes,0.0008285004142502071
877,2014-08-28 17:20:23,United States,No,M,Don't know,Don't know,0.0008285004142502071
878,2014-08-28 17:20:41,United Kingdom,Yes,F,Yes,No,0.0008285004142502071
879,2014-08-28 17:21:01,United States,No,M,Don't know,Yes,0.0008285004142502071
880,2014-08-28 17:21:43,United States,Yes,M,Don't know,Don't know,0.0008285004142502071
882,2014-08-28 17:22:53,United States,No,M,Don't know,Yes,0.0008285004142502071
883,2014-08-28 17:23:19,United States,No,M,Don't know,Yes,0.0008285004142502071
884,2014-08-28 17:27:03,United States,Yes,M,Don't know,Yes,0.0008285004142502071
885,2014-08-28 17:27:47,United States,Yes,M,No,Don't know,0.0008285004142502071
886,2014-08-28 17:28:46,United Kingdom,No,M,No,Don't know,0.0008285004142502071
887,2014-08-28 17:28:58,United Kingdom,Yes,M,Yes,Yes,0.0008285004142502071
888,2014-08-28 17:31:06,India,No,M,No,No,0.0008285004142502071
889,2014-08-28 17:33:05,United States,Yes,M,Yes,Yes,0.0008285004142502071
890,2014-08-28 17:33:20,United States,Yes,M,Yes,Yes,0.0008285004142502071
891,2014-08-28 17:34:30,United States,Yes,M,No,No,0.0008285004142502071
892,2014-08-28 17:35:14,United States,Yes,M,Don't know,Don't know,0.0008285004142502071
893,2014-08-28 17:36:48,United States,Yes,M,Yes,Yes,0.0008285004142502071
894,2014-08-28 17:39:06,United States,Yes,M,Don't know,Don't know,0.0008285004142502071
895,2014-08-28 17:45:21,United States,No,M,Don't know,Don't know,0.0008285004142502071
896,2014-08-28 17:46:37,United States,No,M,Yes,Yes,0.0008285004142502071
897,2014-08-28 17:47:45,Germany,No,M,No,No,0.0008285004142502071
898,2014-08-28 17:47:49,United States,No,M,No,No,0.0008285004142502071
899,2014-08-28 17:50:32,United States,No,M,Don't know,Don't know,0.0008285004142502071
900,2014-08-28 17:56:02,United States,Yes,M,No,No,0.0008285004142502071
901,2014-08-28 17:57:39,United Kingdom,Yes,M,No,No,0.0008285004142502071
902,2014-08-28 17:57:42,United States,No,F,Yes,Yes,0.0008285004142502071
903,2014-08-28 17:59:31,United Kingdom,No,M,No,No,0.0008285004142502071
904,2014-08-28 17:59:54,United States,No,M,No,No,0.0008285004142502071
905,2014-08-28 17:59:57,United States,Yes,M,Yes,Yes,0.0008285004142502071
906,2014-08-28 18:01:00,United States,No,M,Yes,Yes,0.0008285004142502071
907,2014-08-28 18:02:09,United States,Yes,F,No,Yes,0.0008285004142502071
908,2014-08-28 18:07:42,United States,No,M,Don't know,Yes,0.0008285004142502071
909,2014-08-28 18:17:41,United States,No,M,Yes,Yes,0.0008285004142502071
910,2014-08-28 18:18:43,Australia,No,M,No,No,0.0008285004142502071
911,2014-08-28 18:21:23,United States,No,M,Yes,Yes,0.0008285004142502071
912,2014-08-28 18:21:58,United Kingdom,Yes,F,No,No,0.0008285004142502071
913,2014-08-28 18:26:35,United States,Yes,M,Yes,Don't know,0.0008285004142502071
914,2014-08-28 18:50:47,Canada,Yes,F,No,Yes,0.0008285004142502071
915,2014-08-28 19:03:47,United Kingdom,No,M,No,No,0.0008285004142502071
916,2014-08-28 19:04:05,United States,No,M,No,No,0.0008285004142502071
917,2014-08-28 19:15:35,United Kingdom,No,M,No,No,0.0008285004142502071
918,2014-08-28 19:26:03,United States,No,M,Yes,Yes,0.0008285004142502071
919,2014-08-28 19:28:27,United States,Yes,F,Don't know,Don't know,0.0008285004142502071
920,2014-08-28 19:35:39,United States,Yes,M,Don't know,Don't know,0.0008285004142502071
921,2014-08-28 20:12:08,United States,Yes,M,Yes,Yes,0.0008285004142502071
922,2014-08-28 20:31:02,United States,Yes,M,No,Yes,0.0008285004142502071
923,2014-08-28 20:49:55,New Zealand,No,M,No,No,0.0008285004142502071
924,2014-08-28 21:22:40,United States,Yes,M,Don't know,Yes,0.0008285004142502071
925,2014-08-28 21:24:48,United States,No,M,No,Yes,0.0008285004142502071
926,2014-08-28 21:27:19,United States,Yes,M,Don't know,Yes,0.0008285004142502071
927,2014-08-28 21:30:35,United States,No,M,Yes,Yes,0.0008285004142502071
928,2014-08-28 21:33:32,United States,No,M,No,Yes,0.0008285004142502071
929,2014-08-28 21:38:12,United States,Yes,M,Don't know,Don't know,0.0008285004142502071
930,2014-08-28 21:41:53,United States,Yes,F,Yes,Yes,0.0008285004142502071
931,2014-08-28 21:47:33,United States,No,M,Yes,Don't know,0.0008285004142502071
933,2014-08-28 22:17:15,United States,Yes,M,No,No,0.0008285004142502071
934,2014-08-28 22:18:41,United States,Yes,M,Yes,Don't know,0.0008285004142502071
935,2014-08-28 22:20:33,United Kingdom,Yes,M,No,No,0.0008285004142502071
936,2014-08-28 22:22:39,United States,No,M,Don't know,Don't know,0.0008285004142502071
937,2014-08-28 22:23:47,Netherlands,Yes,M,Don't know,Don't know,0.0008285004142502071
938,2014-08-28 22:35:10,United States,No,M,Yes,Yes,0.0008285004142502071
939,2014-08-28 22:39:57,United States,Yes,M,Yes,Yes,0.0008285004142502071
940,2014-08-28 22:46:40,United States,Yes,M,Don't know,Yes,0.0008285004142502071
941,2014-08-28 23:03:05,United States,Yes,M,Yes,Yes,0.0008285004142502071
942,2014-08-28 23:13:18,United States,Yes,F,Don't know,Yes,0.0008285004142502071
943,2014-08-28 23:16:30,United States,Yes,M,Yes,Yes,0.0008285004142502071
944,2014-08-28 23:57:07,United States,Yes,M,Don't know,Don't know,0.0008285004142502071
945,2014-08-29 00:05:07,United States,Yes,M,No,Yes,0.0008285004142502071
946,2014-08-29 00:06:49,United States,No,M,Yes,Yes,0.0008285004142502071
947,2014-08-29 00:11:17,United States,No,M,Yes,Yes,0.0008285004142502071
948,2014-08-29 00:41:25,United States,No,M,Yes,Yes,0.0008285004142502071
949,2014-08-29 00:43:37,United States,Yes,M,Don't know,Yes,0.0008285004142502071
950,2014-08-29 00:47:09,Netherlands,No,M,No,No,0.0008285004142502071
951,2014-08-29 01:14:09,United Kingdom,Yes,M,No,Don't know,0.0008285004142502071
952,2014-08-29 01:20:32,South Africa,No,M,No,No,0.0008285004142502071
954,2014-08-29 02:10:57,United States,No,M,No,No,0.0008285004142502071
955,2014-08-29 02:24:13,Germany,Yes,M,No,Don't know,0.0008285004142502071
956,2014-08-29 03:02:16,United States,Yes,M,Don't know,Don't know,0.0008285004142502071
957,2014-08-29 03:02:45,Netherlands,Yes,M,Yes,Yes,0.0008285004142502071
958,2014-08-29 03:08:25,United States,No,M,Don't know,Yes,0.0008285004142502071
959,2014-08-29 04:39:23,United Kingdom,No,M,Don't know,Don't know,0.0008285004142502071
960,2014-08-29 04:53:12,United Kingdom,No,M,No,Don't know,0.0008285004142502071
961,2014-08-29 05:15:30,Germany,No,M,No,No,0.0008285004142502071
962,2014-08-29 05:24:07,Germany,No,M,No,Don't know,0.0008285004142502071
963,2014-08-29 05:39:21,United Kingdom,Yes,M,No,Don't know,0.0008285004142502071
964,2014-08-29 05:47:19,United Kingdom,No,M,Yes,Yes,0.0008285004142502071
965,2014-08-29 05:54:26,United Kingdom,Yes,M,No,No,0.0008285004142502071
966,2014-08-29 05:57:48,United Kingdom,Yes,F,No,No,0.0008285004142502071
967,2014-08-29 06:06:46,United Kingdom,No,M,Don't know,Don't know,0.0008285004142502071
968,2014-08-29 06:37:49,United Kingdom,Yes,M,No,Don't know,0.0008285004142502071
969,2014-08-29 06:42:57,United Kingdom,No,F,Yes,No,0.0008285004142502071
970,2014-08-29 07:12:43,United States,No,M,No,No,0.0008285004142502071
971,2014-08-29 07:21:30,United Kingdom,No,M,No,No,0.0008285004142502071
972,2014-08-29 07:28:17,United States,Yes,M,Don't know,Don't know,0.0008285004142502071
973,2014-08-29 07:51:42,United States,Yes,M,Yes,Yes,0.0008285004142502071
974,2014-08-29 08:26:36,Germany,No,M,No,Don't know,0.0008285004142502071
975,2014-08-29 08:36:24,Germany,No,M,Don't know,Don't know,0.0008285004142502071
977,2014-08-29 08:53:19,France,Yes,M,No,Yes,0.0008285004142502071
978,2014-08-29 08:54:23,Belgium,No,M,No,Yes,0.0008285004142502071
979,2014-08-29 08:57:14,United Kingdom,Yes,M,No,No,0.0008285004142502071
980,2014-08-29 08:57:42,United States,Yes,M,No,No,0.0008285004142502071
981,2014-08-29 08:59:08,Canada,Yes,F,No,No,0.0008285004142502071
982,2014-08-29 08:59:40,United Kingdom,Yes,F,Yes,Yes,0.0008285004142502071
983,2014-08-29 09:01:01,United States,Yes,M,Don't know,Don't know,0.0008285004142502071
984,2014-08-29 09:01:45,Canada,No,M,No,Yes,0.0008285004142502071
985,2014-08-29 09:02:04,United Kingdom,No,M,No,No,0.0008285004142502071
986,2014-08-29 09:02:56,United Kingdom,Yes,F,No,Don't know,0.0008285004142502071
987,2014-08-29 09:03:50,United Kingdom,No,M,No,No,0.0008285004142502071
988,2014-08-29 09:10:08,United States,Yes,M,Yes,Yes,0.0008285004142502071
990,2014-08-29 09:12:16,United Kingdom,No,M,No,No,0.0008285004142502071
991,2014-08-29 09:13:43,United Kingdom,No,M,Yes,Yes,0.0008285004142502071
992,2014-08-29 09:14:45,United States,Yes,F,Don't know,Yes,0.0008285004142502071
993,2014-08-29 09:15:05,United Kingdom,No,M,No,No,0.0008285004142502071
994,2014-08-29 09:15:52,India,No,M,No,Don't know,0.0008285004142502071
995,2014-08-29 09:19:25,United Kingdom,No,M,Don't know,Don't know,0.0008285004142502071
996,2014-08-29 09:24:34,United States,No,M,No,Yes,0.0008285004142502071
997,2014-08-29 09:23:22,United States,Yes,F,Don't know,Yes,0.0008285004142502071
998,2014-08-29 09:23:44,United Kingdom,No,M,No,No,0.0008285004142502071
999,2014-08-29 09:27:12,Sweden,No,M,No,No,0.0008285004142502071
1000,2014-08-29 09:29:37,United States,Yes,M,Don't know,Yes,0.0008285004142502071
1001,2014-08-29 09:31:37,United States,Yes,M,Don't know,Don't know,0.0008285004142502071
1002,2014-08-29 09:31:49,United States,Yes,M,No,Yes,0.0008285004142502071
1003,2014-08-29 09:33:43,United States,No,F,Don't know,Don't know,0.0008285004142502071
1004,2014-08-29 09:35:46,United Kingdom,Yes,M,No,No,0.0008285004142502071
1005,2014-08-29 09:36:04,United Kingdom,No,M,Don't know,Don't know,0.0008285004142502071
1006,2014-08-29 09:36:46,United States,Yes,M,Yes,Yes,0.0008285004142502071
1007,2014-08-29 09:40:13,United States,No,M,No,Don't know,0.0008285004142502071
1008,2014-08-29 09:42:23,United States,Yes,M,No,No,0.0008285004142502071
1009,2014-08-29 09:46:56,United States,No,F,No,Don't know,0.0008285004142502071
1010,2014-08-29 09:47:10,United States,No,M,Yes,Yes,0.0008285004142502071
1011,2014-08-29 09:47:30,United States,No,F,Don't know,No,0.0008285004142502071
1012,2014-08-29 09:51:35,United States,Yes,F,Don't know,Yes,0.0008285004142502071
1013,2014-08-29 09:53:38,United States,Yes,F,Don't know,Don't know,0.0008285004142502071
1014,2014-08-29 09:53:50,United States,No,M,Yes,Yes,0.0008285004142502071
1015,2014-08-29 09:54:01,Israel,No,M,No,Don't know,0.0008285004142502071
1016,2014-08-29 09:54:11,United States,No,F,No,Don't know,0.0008285004142502071
1018,2014-08-29 09:59:39,United States,Yes,M,No,Yes,0.0008285004142502071
1019,2014-08-29 10:03:24,United States,No,M,No,Don't know,0.0008285004142502071
1020,2014-08-29 10:05:57,Canada,No,M,No,Don't know,0.0008285004142502071
1021,2014-08-29 10:06:29,United States,Yes,F,Yes,Yes,0.0008285004142502071
1022,2014-08-29 10:12:10,United States,No,M,Yes,Yes,0.0008285004142502071
1023,2014-08-29 10:13:39,United Kingdom,No,M,No,No,0.0008285004142502071
1024,2014-08-29 10:13:43,United States,Yes,M,No,Don't know,0.0008285004142502071
1025,2014-08-29 10:16:45,United States,Yes,M,Don't know,Don't know,0.0008285004142502071
1026,2014-08-29 10:27:15,United States,No,F,Yes,Yes,0.0008285004142502071
1027,2014-08-29 10:30:09,United States,No,M,No,Don't know,0.0008285004142502071
1028,2014-08-29 10:32:24,United States,Yes,F,No,Yes,0.0008285004142502071
1029,2014-08-29 10:33:45,United States,No,M,Don't know,Yes,0.0008285004142502071
1030,2014-08-29 10:38:23,United States,Yes,M,No,Don't know,0.0008285004142502071
1031,2014-08-29 10:38:29,United States,Yes,M,Don't know,Don't know,0.0008285004142502071
1032,2014-08-29 10:55:24,United States,Yes,M,Don't know,Yes,0.0008285004142502071
1033,2014-08-29 10:59:57,United States,Yes,F,No,No,0.0008285004142502071
1034,2014-08-29 11:01:41,United States,No,M,Don't know,Don't know,0.0008285004142502071
1035,2014-08-29 11:02:23,Canada,Yes,M,No,No,0.0008285004142502071
1036,2014-08-29 11:04:19,Australia,Yes,M,No,No,0.0008285004142502071
1037,2014-08-29 11:05:00,United States,No,M,Don't know,Don't know,0.0008285004142502071
1038,2014-08-29 11:11:00,United States,No,F,No,No,0.0008285004142502071
1039,2014-08-29 11:12:22,United States,No,M,No,No,0.0008285004142502071
1040,2014-08-29 11:19:46,United States,Yes,F,No,Don't know,0.0008285004142502071
1041,2014-08-29 11:20:13,United States,No,M,Yes,Yes,0.0008285004142502071
1042,2014-08-29 11:20:28,United States,Yes,M,Yes,Yes,0.0008285004142502071
1043,2014-08-29 11:20:52,United States,No,M,No,Yes,0.0008285004142502071
1044,2014-08-29 11:22:46,United Kingdom,No,F,No,Yes,0.0008285004142502071
1045,2014-08-29 11:23:21,Canada,Yes,F,No,Yes,0.0008285004142502071
1047,2014-08-29 11:25:30,Brazil,Yes,M,No,No,0.0008285004142502071
1048,2014-08-29 11:27:47,United States,No,M,Yes,No,0.0008285004142502071
1049,2014-08-29 11:32:22,United Kingdom,Yes,M,Yes,No,0.0008285004142502071
1050,2014-08-29 11:32:44,United States,Yes,F,No,Yes,0.0008285004142502071
1051,2014-08-29 11:33:54,United States,Yes,F,No,No,0.0008285004142502071
1052,2014-08-29 11:34:07,Switzerland,Yes,M,No,Don't know,0.0008285004142502071
1053,2014-08-29 11:36:38,United States,No,M,Don't know,Don't know,0.0008285004142502071
1054,2014-08-29 11:39:33,United States,No,M,Don't know,Don't know,0.0008285004142502071
1055,2014-08-29 11:40:29,United States,Yes,M,Don't know,Yes,0.0008285004142502071
1056,2014-08-29 11:43:12,United States,No,M,Don't know,Don't know,0.0008285004142502071
1057,2014-08-29 11:44:33,United States,No,M,No,Don't know,0.0008285004142502071
1059,2014-08-29 11:53:59,United States,No,F,Yes,Yes,0.0008285004142502071
1060,2014-08-29 11:54:38,United States,No,F,No,Yes,0.0008285004142502071
1061,2014-08-29 11:56:18,United States,No,M,No,Don't know,0.0008285004142502071
1062,2014-08-29 12:00:33,United States,No,M,No,Don't know,0.0008285004142502071
1063,2014-08-29 12:08:12,United States,No,M,No,Don't know,0.0008285004142502071
1064,2014-08-29 12:15:57,Germany,Yes,M,No,No,0.0008285004142502071
1065,2014-08-29 12:20:01,South Africa,Yes,M,No,Don't know,0.0008285004142502071
1066,2014-08-29 12:26:21,United States,No,M,Don't know,Yes,0.0008285004142502071
1067,2014-08-29 12:27:54,United States,No,M,Don't know,Yes,0.0008285004142502071
1068,2014-08-29 12:45:11,United States,No,M,Yes,Yes,0.0008285004142502071
1069,2014-08-29 12:48:20,Greece,No,M,No,No,0.0008285004142502071
1070,2014-08-29 12:54:31,United States,No,F,No,No,0.0008285004142502071
1071,2014-08-29 13:17:33,United States,No,M,Yes,Yes,0.0008285004142502071
1072,2014-08-29 13:23:40,United States,No,M,Yes,Yes,0.0008285004142502071
1073,2014-08-29 13:58:25,United States,No,M,No,Don't know,0.0008285004142502071
1074,2014-08-29 14:04:59,United States,No,M,No,Yes,0.0008285004142502071
1075,2014-08-29 14:09:21,United States,Yes,M,Yes,Yes,0.0008285004142502071
1076,2014-08-29 14:31:00,United States,Yes,M,Don't know,Yes,0.0008285004142502071
1077,2014-08-29 14:51:49,United States,Yes,F,Yes,Yes,0.0008285004142502071
1078,2014-08-29 14:59:43,United States,Yes,F,Don't know,Yes,0.0008285004142502071
1079,2014-08-29 15:10:39,Netherlands,No,M,No,No,0.0008285004142502071
1080,2014-08-29 15:59:55,United States,Yes,M,No,No,0.0008285004142502071
1081,2014-08-29 16:07:05,Netherlands,Yes,M,Yes,Don't know,0.0008285004142502071
1082,2014-08-29 16:17:32,United States,Yes,F,No,Yes,0.0008285004142502071
1083,2014-08-29 16:21:16,Canada,Yes,F,Don't know,Don't know,0.0008285004142502071
1084,2014-08-29 16:30:50,United Kingdom,Yes,M,Yes,Yes,0.0008285004142502071
1085,2014-08-29 16:50:08,Germany,No,M,No,Don't know,0.0008285004142502071
1086,2014-08-29 16:51:31,Germany,No,M,No,Don't know,0.0008285004142502071
1087,2014-08-29 16:56:06,United States,Yes,M,Yes,Yes,0.0008285004142502071
1088,2014-08-29 17:04:07,United States,No,M,Don't know,Yes,0.0008285004142502071
1089,2014-08-29 17:04:12,United States,Yes,F,Don't know,Yes,0.0008285004142502071
1090,2014-08-29 17:26:15,United States,No,M,No,No,0.0008285004142502071
1091,2014-08-29 17:32:31,United States,Yes,M,Don't know,Yes,0.0008285004142502071
1092,2014-08-29 17:35:16,United States,Yes,M,No,No,0.0008285004142502071
1093,2014-08-29 17:54:32,United States,No,M,Don't know,Yes,0.0008285004142502071
1094,2014-08-29 18:33:32,United States,No,M,Yes,Yes,0.0008285004142502071
1095,2014-08-29 18:39:07,United States,No,M,No,No,0.0008285004142502071
1096,2014-08-29 19:32:13,United States,Yes,M,No,Don't know,0.0008285004142502071
1097,2014-08-29 19:34:40,United States,Yes,M,Don't know,Yes,0.0008285004142502071
1098,2014-08-29 20:53:09,United States,No,M,Don't know,Don't know,0.0008285004142502071
1099,2014-08-29 20:53:58,United States,No,M,Don't know,Don't know,0.0008285004142502071
1100,2014-08-29 21:26:44,United States,No,M,Yes,Yes,0.0008285004142502071
1101,2014-08-29 21:28:14,United States,Yes,M,No,Don't know,0.0008285004142502071
1102,2014-08-29 21:40:26,Canada,Yes,F,No,No,0.0008285004142502071
1103,2014-08-29 22:08:51,United States,Yes,F,No,Don't know,0.0008285004142502071
1104,2014-08-29 23:51:01,United States,No,M,No,Yes,0.0008285004142502071
1105,2014-08-30 00:09:55,United States,No,M,Don't know,No,0.0008285004142502071
1106,2014-08-30 03:55:19,France,No,M,No,No,0.0008285004142502071
1107,2014-08-30 05:05:44,Australia,Yes,M,Don't know,No,0.0008285004142502071
1108,2014-08-30 05:47:08,United States,No,F,Don't know,Yes,0.0008285004142502071
1109,2014-08-30 06:48:28,India,No,M,No,No,0.0008285004142502071
1110,2014-08-30 07:31:05,Croatia,Yes,M,Don't know,Yes,0.0008285004142502071
1111,2014-08-30 11:48:52,France,No,M,No,Yes,0.0008285004142502071
1112,2014-08-30 12:35:06,Germany,No,M,No,No,0.0008285004142502071
1113,2014-08-30 13:23:57,United States,Yes,M,Don't know,Don't know,0.0008285004142502071
1114,2014-08-30 13:48:34,United States,No,M,Don't know,Yes,0.0008285004142502071
1115,2014-08-30 13:55:45,Canada,No,M,No,Yes,0.0008285004142502071
1116,2014-08-30 14:00:22,United Kingdom,No,M,Don't know,Don't know,0.0008285004142502071
1117,2014-08-30 15:57:04,United States,Yes,M,Don't know,Don't know,0.0008285004142502071
1118,2014-08-30 16:13:40,United States,Yes,M,Yes,Yes,0.0008285004142502071
1119,2014-08-30 16:38:02,United States,No,M,No,No,0.0008285004142502071
1120,2014-08-30 18:29:00,United Kingdom,No,M,Yes,No,0.0008285004142502071
1121,2014-08-30 19:35:58,United Kingdom,No,M,Yes,No,0.0008285004142502071
1122,2014-08-30 19:56:23,United Kingdom,No,F,Don't know,Don't know,0.0008285004142502071
1123,2014-08-30 20:12:33,United States,No,F,Don't know,Don't know,0.0008285004142502071
1124,2014-08-30 20:19:37,United States,No,M,Don't know,Don't know,0.0008285004142502071
1125,2014-08-30 20:43:51,Germany,Yes,M,No,No,0.0008285004142502071
1126,2014-08-30 20:46:35,United States,No,F,Don't know,Don't know,0.0008285004142502071
1128,2014-08-31 04:31:11,Netherlands,Yes,M,No,No,0.0008285004142502071
1129,2014-08-31 09:19:43,United States,No,M,No,Yes,0.0008285004142502071
1130,2014-08-31 15:03:12,United States,Yes,F,No,Yes,0.0008285004142502071
1131,2014-08-31 15:23:16,United Kingdom,No,M,No,No,0.0008285004142502071
1132,2014-08-31 16:48:13,United States,Yes,F,No,Yes,0.0008285004142502071
1133,2014-08-31 22:11:48,New Zealand,No,M,Yes,No,0.0008285004142502071
1134,2014-08-31 22:16:40,New Zealand,No,M,Yes,No,0.0008285004142502071
1135,2014-09-01 04:28:55,United Kingdom,No,M,No,No,0.0008285004142502071
1136,2014-09-01 06:52:31,United Kingdom,Yes,M,No,No,0.0008285004142502071
1137,2014-09-01 06:53:28,United Kingdom,Yes,M,No,No,0.0008285004142502071
1138,2014-09-01 08:19:15,Germany,Yes,M,No,Don't know,0.0008285004142502071
1139,2014-09-01 08:23:15,United Kingdom,No,M,Don't know,Don't know,0.0008285004142502071
1140,2014-09-01 09:12:15,Moldova,No,M,No,No,0.0008285004142502071
1141,2014-09-01 09:15:34,Sweden,No,M,Don't know,Don't know,0.0008285004142502071
1142,2014-09-01 10:06:14,Belgium,No,M,No,No,0.0008285004142502071
1143,2014-09-01 10:40:32,United Kingdom,Yes,F,No,No,0.0008285004142502071
1144,2014-09-01 12:00:28,Israel,No,M,Yes,No,0.0008285004142502071
1145,2014-09-01 12:45:24,United States,Yes,F,No,Don't know,0.0008285004142502071
1146,2014-09-01 17:59:14,United Kingdom,Yes,M,Don't know,No,0.0008285004142502071
1147,2014-09-01 21:03:25,United Kingdom,Yes,M,No,No,0.0008285004142502071
1148,2014-09-01 21:34:12,United States,Yes,M,Yes,Yes,0.0008285004142502071
1149,2014-09-01 22:58:47,United States,No,M,Don't know,Yes,0.0008285004142502071
1150,2014-09-02 03:13:53,United States,No,M,Yes,Yes,0.0008285004142502071
1151,2014-09-02 04:00:58,United Kingdom,No,M,No,No,0.0008285004142502071
1152,2014-09-02 08:00:33,Canada,Yes,M,Don't know,Don't know,0.0008285004142502071
1153,2014-09-02 08:24:43,United Kingdom,Yes,F,Yes,Yes,0.0008285004142502071
1154,2014-09-02 09:57:22,United States,Yes,M,No,Don't know,0.0008285004142502071
1155,2014-09-02 13:18:35,Canada,No,M,No,Don't know,0.0008285004142502071
1156,2014-09-02 17:04:56,Netherlands,No,M,Don't know,Don't know,0.0008285004142502071
1157,2014-09-02 20:23:49,United Kingdom,Yes,M,Don't know,Don't know,0.0008285004142502071
1158,2014-09-02 20:57:56,United States,Yes,M,No,No,0.0008285004142502071
1159,2014-09-03 01:32:51,Singapore,No,M,Don't know,Don't know,0.0008285004142502071
1160,2014-09-03 13:09:52,United States,No,M,No,Yes,0.0008285004142502071
1161,2014-09-04 06:23:48,United Kingdom,No,M,Yes,Yes,0.0008285004142502071
1162,2014-09-04 08:35:49,India,No,M,No,Don't know,0.0008285004142502071
1163,2014-09-04 17:38:22,United States,Yes,M,Don't know,Don't know,0.0008285004142502071
1164,2014-09-04 23:42:28,United States,No,F,No,Yes,0.0008285004142502071
1165,2014-09-05 14:15:48,United States,Yes,M,Don't know,Yes,0.0008285004142502071
1166,2014-09-05 14:19:00,United States,Yes,M,Yes,Yes,0.0008285004142502071
1167,2014-09-08 00:52:31,Poland,No,M,No,Don't know,0.0008285004142502071
1168,2014-09-08 16:46:53,Colombia,No,M,No,No,0.0008285004142502071
1169,2014-09-08 21:30:59,United States,No,F,Don't know,Yes,0.0008285004142502071
1170,2014-09-09 13:49:50,United States,No,M,No,Don't know,0.0008285004142502071
1171,2014-09-11 17:00:30,United States,No,M,Yes,Yes,0.0008285004142502071
1172,2014-09-12 19:18:18,United States,Yes,F,Yes,Yes,0.0008285004142502071
1173,2014-09-13 07:52:27,United Kingdom,No,M,No,No,0.0008285004142502071
1174,2014-09-14 09:04:08,Georgia,No,M,No,No,0.0008285004142502071
1175,2014-09-14 20:50:05,United States,Yes,M,No,Don't know,0.0008285004142502071
1176,2014-09-20 13:51:05,United States,Yes,F,No,Yes,0.0008285004142502071
1177,2014-09-23 20:05:05,United States,No,M,Don't know,No,0.0008285004142502071
1178,2014-09-26 08:45:56,China,No,M,No,No,0.0008285004142502071
1179,2014-09-26 10:05:55,Bulgaria,No,F,No,No,0.0008285004142502071
1181,2014-09-30 09:19:01,United States,Yes,M,Yes,Yes,0.0008285004142502071
1182,2014-10-02 21:25:16,United States,Yes,F,Yes,Yes,0.0008285004142502071
1183,2014-10-05 21:16:10,United States,Yes,F,No,No,0.0008285004142502071
1184,2014-10-09 11:14:59,United States,No,F,No,No,0.0008285004142502071
1186,2014-11-06 11:24:38,United States,No,F,Don't know,Don't know,0.0008285004142502071
1187,2014-11-16 08:42:35,United States,Yes,M,No,Yes,0.0008285004142502071
1188,2014-12-01 09:58:28,Belgium,No,F,No,Don't know,0.0008285004142502071
1189,2014-12-15 00:43:49,United States,Yes,M,No,Yes,0.0008285004142502071
1190,2015-01-03 03:38:30,United States,Yes,M,Yes,Yes,0.0008285004142502071
1191,2015-02-21 04:16:05,Canada,Yes,M,Yes,Yes,0.0008285004142502071
1192,2015-02-21 04:16:23,United Kingdom,No,M,No,Don't know,0.0008285004142502071
1193,2015-02-21 04:18:48,Italy,No,M,Don't know,Don't know,0.0008285004142502071
1194,2015-02-21 04:19:28,Germany,No,M,No,Don't know,0.0008285004142502071
1195,2015-02-21 04:23:05,Ireland,No,F,No,Yes,0.0008285004142502071
1196,2015-02-21 04:32:45,Ireland,No,F,No,Don't know,0.0008285004142502071
1197,2015-02-21 04:34:56,Ireland,No,M,No,No,0.0008285004142502071
1198,2015-02-21 04:41:28,United States,No,M,Don't know,Yes,0.0008285004142502071
1199,2015-02-21 04:51:53,Ireland,No,M,Don't know,Don't know,0.0008285004142502071
1200,2015-02-21 04:55:11,Australia,No,M,No,No,0.0008285004142502071
1201,2015-02-21 05:11:37,United States,No,F,No,Yes,0.0008285004142502071
1202,2015-02-21 05:34:27,Brazil,No,M,No,No,0.0008285004142502071
1203,2015-02-21 05:55:13,United Kingdom,No,M,No,Don't know,0.0008285004142502071
1204,2015-02-21 05:55:17,Ireland,Yes,M,No,No,0.0008285004142502071
1205,2015-02-21 06:06:09,Ireland,No,M,No,No,0.0008285004142502071
1206,2015-02-21 06:19:41,United Kingdom,Yes,M,No,Don't know,0.0008285004142502071
1207,2015-02-21 08:21:36,United States,No,M,No,No,0.0008285004142502071
1208,2015-02-21 08:54:40,Czech Republic,Yes,M,No,No,0.0008285004142502071
1209,2015-02-21 08:56:27,Singapore,Yes,M,No,Don't know,0.0008285004142502071
1210,2015-02-21 09:10:26,Ireland,Yes,M,No,No,0.0008285004142502071
1211,2015-02-21 09:16:45,Ireland,No,M,No,Don't know,0.0008285004142502071
1212,2015-02-21 09:18:20,United Kingdom,No,F,Yes,No,0.0008285004142502071
1213,2015-02-21 09:19:12,Philippines,No,M,No,Don't know,0.0008285004142502071
1214,2015-02-21 09:22:23,United States,No,M,No,Yes,0.0008285004142502071
1215,2015-02-21 09:29:20,Netherlands,No,M,No,No,0.0008285004142502071
1216,2015-02-21 09:30:14,United Kingdom,No,M,Yes,Don't know,0.0008285004142502071
1217,2015-02-21 09:30:29,Ireland,No,M,No,No,0.0008285004142502071
1218,2015-02-21 09:33:29,Netherlands,No,M,No,No,0.0008285004142502071
1219,2015-02-21 09:48:13,United States,No,M,Yes,Yes,0.0008285004142502071
1220,2015-02-21 10:00:50,United States,Yes,M,No,Don't know,0.0008285004142502071
1221,2015-02-21 10:45:51,United States,Yes,M,Don't know,Don't know,0.0008285004142502071
1222,2015-02-21 11:48:52,Netherlands,No,F,Yes,Don't know,0.0008285004142502071
1224,2015-02-21 13:19:11,Ireland,Yes,M,Yes,Yes,0.0008285004142502071
1225,2015-02-21 15:28:57,Ireland,No,F,No,No,0.0008285004142502071
1226,2015-02-21 17:19:18,Netherlands,No,M,Don't know,Yes,0.0008285004142502071
1227,2015-02-21 18:54:12,Ireland,Yes,F,Yes,Yes,0.0008285004142502071
1228,2015-02-21 18:59:05,United States,Yes,M,No,Don't know,0.0008285004142502071
1229,2015-02-22 02:40:32,Greece,No,M,No,No,0.0008285004142502071
1230,2015-02-24 08:54:35,United Kingdom,Yes,F,Yes,No,0.0008285004142502071
1232,2015-02-24 09:00:56,United Kingdom,Yes,M,Yes,Yes,0.0008285004142502071
1233,2015-02-24 09:13:49,United Kingdom,No,M,No,No,0.0008285004142502071
1235,2015-02-24 09:18:25,Canada,No,M,Don't know,Yes,0.0008285004142502071
1236,2015-02-24 10:32:32,United States,No,M,Don't know,Don't know,0.0008285004142502071
1237,2015-02-26 05:44:16,Ireland,No,M,No,No,0.0008285004142502071
1238,2015-04-02 15:47:43,United States,Yes,M,Yes,Yes,0.0008285004142502071
1239,2015-04-04 11:22:05,Netherlands,No,M,No,Don't know,0.0008285004142502071
1240,2015-04-06 14:58:29,Germany,Yes,M,No,Don't know,0.0008285004142502071
1241,2015-04-11 14:35:22,Poland,No,M,No,No,0.0008285004142502071
1242,2015-04-23 14:03:51,Ireland,No,M,Don't know,Don't know,0.0008285004142502071
1243,2015-05-05 14:22:18,United States,Yes,F,Yes,Yes,0.0008285004142502071
1244,2015-05-05 15:16:25,United Kingdom,No,F,Don't know,No,0.0008285004142502071
1245,2015-05-06 10:14:50,Australia,Yes,M,Yes,Yes,0.0008285004142502071
1246,2015-05-06 16:55:58,United States,No,M,Yes,Yes,0.0008285004142502071
1247,2015-05-07 10:08:50,Finland,No,M,No,No,0.0008285004142502071
1248,2015-06-25 12:24:31,United States,Yes,F,Don't know,Yes,0.0008285004142502071
1249,2015-07-22 18:57:54,United States,Yes,M,No,Yes,0.0008285004142502071
1250,2015-07-27 23:25:34,United States,Yes,M,Yes,Yes,0.0008285004142502071
1251,2015-08-17 09:38:35,South Africa,Yes,M,No,No,0.0008285004142502071
1252,2015-08-20 16:52:09,United States,Yes,M,No,Yes,0.0008285004142502071
1253,2015-08-25 19:59:38,United States,Yes,M,Yes,Don't know,0.0008285004142502071
1254,2015-09-12 11:17:21,United Kingdom,No,M,No,No,0.0008285004142502071
1255,2015-09-26 01:07:35,United States,Yes,M,No,Yes,0.0008285004142502071
1256,2015-11-07 12:36:58,United States,Yes,M,No,Yes,0.0008285004142502071
1257,2015-11-30 21:25:06,United States,No,F,No,No,0.0008285004142502071
1258,2016-02-01 23:04:31,United States,Yes,M,No,Yes,0.0008285004142502071
